temperature,humidity,position,system_status,fault_type
34.98,91.8,106,WARNING,HIGH_HUMIDITY
51.19,68.8,121,WARNING,OVERHEAT
26.24,33.78,87,WARNING,POSITION_ERROR
33.35,39.29,130,OK,NONE
20.82,93.04,491,WARNING,HIGH_HUMIDITY
57.54,30.05,955,WARNING,MULTIPLE_FAULTS
27.34,49.78,21,WARNING,POSITION_ERROR
20.28,31.5,474,OK,NONE
44.47,39.07,475,OK,NONE
58.95,45.13,957,WARNING,MULTIPLE_FAULTS
51.41,42.98,566,WARNING,OVERHEAT
59.33,60.34,484,WARNING,OVERHEAT
44.3,41.08,166,OK,NONE
20.53,91.24,13,WARNING,MULTIPLE_FAULTS
52.34,49.8,564,WARNING,OVERHEAT
29.24,45.67,955,WARNING,POSITION_ERROR
24.88,62.19,942,WARNING,POSITION_ERROR
26.93,55.42,561,OK,NONE
46.5,50.26,389,WARNING,OVERHEAT
28.32,66.9,476,OK,NONE
58.78,80.38,161,WARNING,MULTIPLE_FAULTS
35.81,90.23,862,WARNING,HIGH_HUMIDITY
56.87,35.75,726,WARNING,OVERHEAT
40.83,92.48,724,WARNING,HIGH_HUMIDITY
35.55,47.64,52,WARNING,POSITION_ERROR
43.47,92.74,187,WARNING,HIGH_HUMIDITY
41.71,39.16,14,WARNING,POSITION_ERROR
26.61,31.02,520,OK,NONE
50.89,42.92,471,WARNING,OVERHEAT
20.56,42.92,391,OK,NONE
49.16,80.13,772,WARNING,MULTIPLE_FAULTS
57.05,72.32,27,WARNING,MULTIPLE_FAULTS
54.52,70.51,929,WARNING,MULTIPLE_FAULTS
23.82,54.1,573,OK,NONE
33.01,77.42,871,OK,NONE
30.99,66.48,738,OK,NONE
24.78,76.36,768,OK,NONE
48.87,45.34,397,WARNING,OVERHEAT
39.75,63.98,14,WARNING,POSITION_ERROR
24.44,58.56,690,OK,NONE
21.26,71.37,563,OK,NONE
42.53,75.21,484,OK,NONE
29.97,56.67,170,OK,NONE
28.12,91.29,838,WARNING,HIGH_HUMIDITY
31.59,40.48,577,OK,NONE
44.97,49.22,645,OK,NONE
38.26,44.2,339,OK,NONE
55.7,65.06,505,WARNING,OVERHEAT
24.88,53.16,189,OK,NONE
24.4,44.82,957,WARNING,POSITION_ERROR
20.02,52.92,258,OK,NONE
20.28,63.2,648,OK,NONE
39.39,75.01,233,OK,NONE
33.5,91.29,373,WARNING,HIGH_HUMIDITY
28.75,66.28,691,OK,NONE
34.55,93.17,563,WARNING,HIGH_HUMIDITY
29.88,75.26,386,OK,NONE
32.04,48.51,80,WARNING,POSITION_ERROR
30.67,93.48,219,WARNING,HIGH_HUMIDITY
22.06,48.11,224,OK,NONE
45.37,74.25,52,WARNING,MULTIPLE_FAULTS
39.58,94.07,415,WARNING,HIGH_HUMIDITY
43.71,35.26,183,OK,NONE
29.51,77.33,279,OK,NONE
38.81,93.92,981,WARNING,MULTIPLE_FAULTS
41.43,35.87,608,OK,NONE
26.03,63.03,463,OK,NONE
21.63,68.41,954,WARNING,POSITION_ERROR
28.81,76.22,510,OK,NONE
29.06,71.94,819,OK,NONE
57.62,55.84,550,WARNING,OVERHEAT
57.47,38.94,987,WARNING,MULTIPLE_FAULTS
49.41,43.59,414,WARNING,OVERHEAT
55.09,46.77,763,WARNING,OVERHEAT
27.0,93.84,571,WARNING,HIGH_HUMIDITY
30.43,94.76,253,WARNING,HIGH_HUMIDITY
55.89,88.53,8,WARNING,MULTIPLE_FAULTS
31.15,75.52,207,OK,NONE
55.88,87.66,119,WARNING,MULTIPLE_FAULTS
55.51,85.31,624,WARNING,MULTIPLE_FAULTS
26.47,88.41,851,WARNING,HIGH_HUMIDITY
43.23,54.2,472,OK,NONE
46.54,30.33,895,WARNING,OVERHEAT
32.21,61.56,162,OK,NONE
46.08,44.58,160,WARNING,OVERHEAT
20.72,62.1,815,OK,NONE
49.86,72.23,134,WARNING,OVERHEAT
48.84,50.02,687,WARNING,OVERHEAT
23.75,53.9,374,OK,NONE
30.02,68.34,229,OK,NONE
35.72,87.98,282,WARNING,HIGH_HUMIDITY
37.38,52.76,608,OK,NONE
43.08,62.01,452,OK,NONE
29.21,62.45,515,OK,NONE
20.97,71.96,16,WARNING,POSITION_ERROR
59.78,60.55,45,WARNING,MULTIPLE_FAULTS
56.59,54.06,744,WARNING,OVERHEAT
58.12,51.5,301,WARNING,OVERHEAT
58.67,92.64,992,WARNING,MULTIPLE_FAULTS
23.01,49.87,927,WARNING,POSITION_ERROR
54.05,50.6,127,WARNING,OVERHEAT
34.91,55.65,565,OK,NONE
47.84,67.05,791,WARNING,OVERHEAT
28.36,73.62,662,OK,NONE
25.6,63.69,385,OK,NONE
32.9,85.16,392,WARNING,HIGH_HUMIDITY
48.1,53.37,476,WARNING,OVERHEAT
31.86,57.29,817,OK,NONE
54.68,89.36,505,WARNING,MULTIPLE_FAULTS
20.21,70.81,19,WARNING,POSITION_ERROR
46.0,75.63,399,WARNING,OVERHEAT
22.03,87.63,142,WARNING,HIGH_HUMIDITY
35.02,36.11,726,OK,NONE
46.88,51.33,697,WARNING,OVERHEAT
41.71,48.63,313,OK,NONE
54.42,46.27,681,WARNING,OVERHEAT
52.9,53.41,443,WARNING,OVERHEAT
33.07,83.81,571,WARNING,HIGH_HUMIDITY
28.63,70.49,195,OK,NONE
53.68,42.63,349,WARNING,OVERHEAT
41.63,71.43,819,OK,NONE
25.31,93.02,105,WARNING,HIGH_HUMIDITY
32.92,81.69,830,WARNING,HIGH_HUMIDITY
37.34,78.36,345,OK,NONE
21.01,92.57,790,WARNING,HIGH_HUMIDITY
37.13,74.75,640,OK,NONE
26.93,40.17,801,OK,NONE
29.59,36.1,600,OK,NONE
46.41,48.2,271,WARNING,OVERHEAT
40.67,72.71,580,OK,NONE
44.47,57.27,75,WARNING,POSITION_ERROR
42.64,40.31,85,WARNING,POSITION_ERROR
20.58,37.54,68,WARNING,POSITION_ERROR
23.77,50.24,957,WARNING,POSITION_ERROR
48.15,60.82,217,WARNING,OVERHEAT
50.53,82.45,611,WARNING,MULTIPLE_FAULTS
26.93,58.2,22,WARNING,POSITION_ERROR
21.92,91.69,99,WARNING,MULTIPLE_FAULTS
21.81,54.35,761,OK,NONE
57.34,62.57,324,WARNING,OVERHEAT
47.36,70.03,335,WARNING,OVERHEAT
45.7,31.72,895,WARNING,OVERHEAT
45.46,82.06,907,WARNING,MULTIPLE_FAULTS
35.53,71.81,928,WARNING,POSITION_ERROR
52.45,83.34,267,WARNING,MULTIPLE_FAULTS
35.44,92.48,841,WARNING,HIGH_HUMIDITY
28.27,47.81,11,WARNING,POSITION_ERROR
24.03,31.18,498,OK,NONE
44.73,51.88,89,WARNING,POSITION_ERROR
32.76,84.92,601,WARNING,HIGH_HUMIDITY
33.62,46.95,902,WARNING,POSITION_ERROR
24.73,75.29,492,OK,NONE
57.47,32.55,728,WARNING,OVERHEAT
52.14,48.33,393,WARNING,OVERHEAT
36.94,66.95,738,OK,NONE
59.62,56.82,977,WARNING,MULTIPLE_FAULTS
30.0,67.74,662,OK,NONE
57.23,85.8,368,WARNING,MULTIPLE_FAULTS
47.19,78.09,866,WARNING,OVERHEAT
24.12,88.67,61,WARNING,MULTIPLE_FAULTS
39.86,55.33,396,OK,NONE
55.82,55.3,395,WARNING,OVERHEAT
58.34,85.06,264,WARNING,MULTIPLE_FAULTS
32.77,91.75,383,WARNING,HIGH_HUMIDITY
39.3,62.05,143,OK,NONE
37.94,49.06,24,WARNING,POSITION_ERROR
42.15,43.83,564,OK,NONE
51.66,81.33,108,WARNING,MULTIPLE_FAULTS
57.24,93.33,397,WARNING,MULTIPLE_FAULTS
41.98,58.7,214,OK,NONE
41.84,75.88,750,OK,NONE
25.72,79.5,491,OK,NONE
54.67,84.5,173,WARNING,MULTIPLE_FAULTS
48.04,34.73,945,WARNING,MULTIPLE_FAULTS
55.68,39.53,28,WARNING,MULTIPLE_FAULTS
23.39,94.13,495,WARNING,HIGH_HUMIDITY
54.53,87.22,656,WARNING,MULTIPLE_FAULTS
57.89,94.09,131,WARNING,MULTIPLE_FAULTS
34.01,76.03,786,OK,NONE
51.09,66.3,90,WARNING,MULTIPLE_FAULTS
29.95,51.47,125,OK,NONE
39.71,30.74,219,OK,NONE
42.86,78.16,455,OK,NONE
24.7,72.2,0,WARNING,POSITION_ERROR
47.24,45.44,504,WARNING,OVERHEAT
34.99,48.57,823,OK,NONE
41.13,58.36,57,WARNING,POSITION_ERROR
20.49,93.04,828,WARNING,HIGH_HUMIDITY
32.91,32.82,212,OK,NONE
59.72,34.8,226,WARNING,OVERHEAT
47.82,34.9,46,WARNING,MULTIPLE_FAULTS
45.18,75.22,414,WARNING,OVERHEAT
59.83,75.3,258,WARNING,OVERHEAT
56.05,32.95,11,WARNING,MULTIPLE_FAULTS
58.35,33.76,357,WARNING,OVERHEAT
38.23,70.31,7,WARNING,POSITION_ERROR
26.79,72.05,647,OK,NONE
34.13,67.94,731,OK,NONE
34.41,46.9,922,WARNING,POSITION_ERROR
47.93,64.85,928,WARNING,MULTIPLE_FAULTS
36.45,69.18,751,OK,NONE
26.5,89.21,252,WARNING,HIGH_HUMIDITY
57.62,57.08,708,WARNING,OVERHEAT
44.54,57.19,823,OK,NONE
55.07,65.85,4,WARNING,MULTIPLE_FAULTS
21.05,54.47,64,WARNING,POSITION_ERROR
39.21,94.04,778,WARNING,HIGH_HUMIDITY
43.77,54.76,853,OK,NONE
53.17,66.99,928,WARNING,MULTIPLE_FAULTS
38.75,56.96,384,OK,NONE
20.55,34.9,475,OK,NONE
52.52,94.98,869,WARNING,MULTIPLE_FAULTS
56.53,68.03,564,WARNING,OVERHEAT
57.79,85.23,144,WARNING,MULTIPLE_FAULTS
29.64,43.33,0,WARNING,POSITION_ERROR
58.16,69.4,445,WARNING,OVERHEAT
55.13,79.2,33,WARNING,MULTIPLE_FAULTS
34.33,37.38,153,OK,NONE
39.93,60.95,770,OK,NONE
40.81,85.39,53,WARNING,MULTIPLE_FAULTS
58.72,35.75,762,WARNING,OVERHEAT
36.14,38.71,302,OK,NONE
36.82,81.0,909,WARNING,MULTIPLE_FAULTS
48.16,43.84,421,WARNING,OVERHEAT
44.69,93.73,305,WARNING,HIGH_HUMIDITY
43.6,55.5,858,OK,NONE
23.64,77.22,248,OK,NONE
40.56,80.94,541,WARNING,HIGH_HUMIDITY
44.88,86.05,132,WARNING,HIGH_HUMIDITY
51.86,59.86,400,WARNING,OVERHEAT
39.68,46.79,983,WARNING,POSITION_ERROR
21.83,70.35,449,OK,NONE
33.15,71.17,751,OK,NONE
33.66,64.92,662,OK,NONE
25.12,39.87,373,OK,NONE
47.91,41.7,899,WARNING,OVERHEAT
33.83,88.29,194,WARNING,HIGH_HUMIDITY
40.61,93.25,60,WARNING,MULTIPLE_FAULTS
27.69,32.66,4,WARNING,POSITION_ERROR
33.8,52.6,533,OK,NONE
23.55,37.84,232,OK,NONE
34.24,88.12,944,WARNING,MULTIPLE_FAULTS
40.14,74.88,72,WARNING,POSITION_ERROR
23.69,61.27,213,OK,NONE
23.27,86.78,830,WARNING,HIGH_HUMIDITY
35.09,30.17,803,OK,NONE
52.25,78.64,252,WARNING,OVERHEAT
59.45,64.88,55,WARNING,MULTIPLE_FAULTS
39.38,70.19,982,WARNING,POSITION_ERROR
41.25,76.83,665,OK,NONE
21.47,46.41,6,WARNING,POSITION_ERROR
47.49,84.89,362,WARNING,MULTIPLE_FAULTS
41.28,36.97,505,OK,NONE
34.17,55.82,191,OK,NONE
30.77,54.52,713,OK,NONE
42.56,84.65,85,WARNING,MULTIPLE_FAULTS
33.1,37.78,144,OK,NONE
33.72,60.81,393,OK,NONE
51.57,62.4,110,WARNING,OVERHEAT
43.37,77.89,622,OK,NONE
49.82,58.06,594,WARNING,OVERHEAT
35.15,51.93,691,OK,NONE
45.84,67.1,951,WARNING,MULTIPLE_FAULTS
39.93,51.47,376,OK,NONE
29.49,36.62,709,OK,NONE
34.61,61.71,349,OK,NONE
27.46,48.53,606,OK,NONE
22.23,84.75,898,WARNING,HIGH_HUMIDITY
40.98,56.68,547,OK,NONE
59.89,88.28,467,WARNING,MULTIPLE_FAULTS
58.78,86.26,645,WARNING,MULTIPLE_FAULTS
59.0,61.9,997,WARNING,MULTIPLE_FAULTS
46.75,90.41,846,WARNING,MULTIPLE_FAULTS
41.4,60.98,172,OK,NONE
50.78,42.16,117,WARNING,OVERHEAT
48.44,42.97,531,WARNING,OVERHEAT
29.7,37.46,89,WARNING,POSITION_ERROR
50.71,35.67,893,WARNING,OVERHEAT
26.17,61.27,258,OK,NONE
22.07,51.88,9,WARNING,POSITION_ERROR
41.94,65.68,897,OK,NONE
32.89,82.64,320,WARNING,HIGH_HUMIDITY
25.55,30.18,776,OK,NONE
43.83,60.65,418,OK,NONE
33.95,90.42,317,WARNING,HIGH_HUMIDITY
49.84,56.55,884,WARNING,OVERHEAT
49.23,90.99,587,WARNING,MULTIPLE_FAULTS
35.17,90.22,319,WARNING,HIGH_HUMIDITY
42.98,84.72,839,WARNING,HIGH_HUMIDITY
53.12,78.78,827,WARNING,OVERHEAT
26.55,40.68,4,WARNING,POSITION_ERROR
29.43,71.19,573,OK,NONE
34.35,87.02,88,WARNING,MULTIPLE_FAULTS
47.32,59.38,615,WARNING,OVERHEAT
35.08,60.07,421,OK,NONE
41.59,58.52,992,WARNING,POSITION_ERROR
29.29,88.47,502,WARNING,HIGH_HUMIDITY
41.27,34.33,103,OK,NONE
44.97,37.6,645,OK,NONE
33.31,77.49,553,OK,NONE
25.57,81.61,668,WARNING,HIGH_HUMIDITY
39.82,78.19,922,WARNING,POSITION_ERROR
51.54,39.86,96,WARNING,MULTIPLE_FAULTS
48.28,80.61,288,WARNING,MULTIPLE_FAULTS
21.34,67.04,521,OK,NONE
39.76,79.05,117,OK,NONE
52.85,37.19,227,WARNING,OVERHEAT
38.28,69.26,14,WARNING,POSITION_ERROR
51.89,39.74,46,WARNING,MULTIPLE_FAULTS
36.36,80.17,410,WARNING,HIGH_HUMIDITY
45.65,75.11,291,WARNING,OVERHEAT
48.65,68.94,659,WARNING,OVERHEAT
27.26,89.05,549,WARNING,HIGH_HUMIDITY
29.09,57.53,345,OK,NONE
57.89,39.97,140,WARNING,OVERHEAT
25.56,36.55,992,WARNING,POSITION_ERROR
20.72,86.69,459,WARNING,HIGH_HUMIDITY
24.09,89.72,132,WARNING,HIGH_HUMIDITY
56.9,75.97,105,WARNING,OVERHEAT
50.85,54.34,904,WARNING,MULTIPLE_FAULTS
36.97,77.87,295,OK,NONE
53.62,89.19,768,WARNING,MULTIPLE_FAULTS
24.53,94.01,621,WARNING,HIGH_HUMIDITY
27.45,84.44,0,WARNING,MULTIPLE_FAULTS
54.8,63.72,935,WARNING,MULTIPLE_FAULTS
44.32,54.65,308,OK,NONE
33.41,82.19,116,WARNING,HIGH_HUMIDITY
44.15,37.43,243,OK,NONE
41.5,89.79,385,WARNING,HIGH_HUMIDITY
38.63,61.25,346,OK,NONE
38.09,44.6,875,OK,NONE
56.51,46.13,24,WARNING,MULTIPLE_FAULTS
39.93,57.23,855,OK,NONE
32.46,80.73,661,WARNING,HIGH_HUMIDITY
28.8,43.82,48,WARNING,POSITION_ERROR
27.12,92.47,688,WARNING,HIGH_HUMIDITY
42.29,85.94,62,WARNING,MULTIPLE_FAULTS
59.87,62.64,768,WARNING,OVERHEAT
32.4,55.83,434,OK,NONE
28.4,88.37,31,WARNING,MULTIPLE_FAULTS
38.73,70.62,476,OK,NONE
38.88,66.71,17,WARNING,POSITION_ERROR
31.76,76.41,193,OK,NONE
41.38,61.27,221,OK,NONE
42.39,40.09,896,OK,NONE
33.37,34.91,642,OK,NONE
34.93,47.6,877,OK,NONE
41.06,82.05,54,WARNING,MULTIPLE_FAULTS
26.25,76.54,348,OK,NONE
36.32,65.86,834,OK,NONE
29.24,73.67,327,OK,NONE
24.16,81.99,578,WARNING,HIGH_HUMIDITY
55.5,66.19,263,WARNING,OVERHEAT
23.98,45.81,77,WARNING,POSITION_ERROR
44.13,82.45,911,WARNING,MULTIPLE_FAULTS
35.89,73.43,468,OK,NONE
36.26,51.06,977,WARNING,POSITION_ERROR
20.52,35.56,150,OK,NONE
53.93,37.98,914,WARNING,MULTIPLE_FAULTS
43.32,57.39,513,OK,NONE
56.42,70.61,522,WARNING,OVERHEAT
30.38,54.68,470,OK,NONE
21.37,83.99,804,WARNING,HIGH_HUMIDITY
36.38,65.88,225,OK,NONE
54.44,44.27,505,WARNING,OVERHEAT
50.54,39.11,713,WARNING,OVERHEAT
42.63,94.05,726,WARNING,HIGH_HUMIDITY
51.99,57.64,114,WARNING,OVERHEAT
40.5,78.21,961,WARNING,POSITION_ERROR
45.34,46.76,757,WARNING,OVERHEAT
45.8,57.41,665,WARNING,OVERHEAT
41.03,41.16,726,OK,NONE
47.33,83.47,127,WARNING,MULTIPLE_FAULTS
24.71,67.47,933,WARNING,POSITION_ERROR
22.69,56.34,997,WARNING,POSITION_ERROR
53.19,43.42,873,WARNING,OVERHEAT
25.6,47.14,286,OK,NONE
54.96,68.83,267,WARNING,OVERHEAT
45.32,62.13,905,WARNING,MULTIPLE_FAULTS
56.58,57.22,475,WARNING,OVERHEAT
50.84,57.43,129,WARNING,OVERHEAT
26.65,77.97,818,OK,NONE
23.61,80.11,28,WARNING,MULTIPLE_FAULTS
35.57,48.77,511,OK,NONE
56.62,76.9,743,WARNING,OVERHEAT
42.66,60.94,622,OK,NONE
58.16,38.78,311,WARNING,OVERHEAT
28.6,32.03,147,OK,NONE
26.48,84.7,848,WARNING,HIGH_HUMIDITY
39.85,68.79,481,OK,NONE
44.93,60.83,72,WARNING,POSITION_ERROR
23.01,77.33,216,OK,NONE
48.2,68.89,24,WARNING,MULTIPLE_FAULTS
29.86,83.24,228,WARNING,HIGH_HUMIDITY
20.09,92.9,101,WARNING,HIGH_HUMIDITY
43.61,53.46,43,WARNING,POSITION_ERROR
52.3,92.54,16,WARNING,MULTIPLE_FAULTS
58.01,58.99,814,WARNING,OVERHEAT
23.47,92.28,338,WARNING,HIGH_HUMIDITY
49.29,82.43,726,WARNING,MULTIPLE_FAULTS
48.96,71.42,199,WARNING,OVERHEAT
29.99,61.81,654,OK,NONE
47.73,33.35,537,WARNING,OVERHEAT
21.58,75.86,710,OK,NONE
59.97,66.13,85,WARNING,MULTIPLE_FAULTS
56.62,32.21,628,WARNING,OVERHEAT
49.24,42.52,839,WARNING,OVERHEAT
58.84,91.38,593,WARNING,MULTIPLE_FAULTS
49.8,33.57,994,WARNING,MULTIPLE_FAULTS
32.76,83.88,272,WARNING,HIGH_HUMIDITY
46.01,53.71,619,WARNING,OVERHEAT
24.82,35.0,804,OK,NONE
41.21,58.67,982,WARNING,POSITION_ERROR
22.61,50.49,496,OK,NONE
41.54,73.01,396,OK,NONE
45.04,87.59,425,WARNING,MULTIPLE_FAULTS
55.07,57.14,738,WARNING,OVERHEAT
54.8,31.38,758,WARNING,OVERHEAT
27.42,54.96,607,OK,NONE
51.95,94.87,28,WARNING,MULTIPLE_FAULTS
50.69,56.13,244,WARNING,OVERHEAT
39.19,67.75,747,OK,NONE
59.36,79.94,920,WARNING,MULTIPLE_FAULTS
33.45,63.96,576,OK,NONE
29.55,37.18,141,OK,NONE
31.88,85.43,145,WARNING,HIGH_HUMIDITY
29.34,32.74,704,OK,NONE
56.41,32.93,398,WARNING,OVERHEAT
35.37,74.18,139,OK,NONE
58.26,81.87,996,WARNING,MULTIPLE_FAULTS
23.58,57.14,439,OK,NONE
55.37,69.05,61,WARNING,MULTIPLE_FAULTS
44.54,40.86,563,OK,NONE
22.6,56.1,860,OK,NONE
45.99,69.5,492,WARNING,OVERHEAT
24.81,33.05,824,OK,NONE
28.82,42.12,258,OK,NONE
53.05,82.05,53,WARNING,MULTIPLE_FAULTS
58.76,87.45,98,WARNING,MULTIPLE_FAULTS
43.89,64.13,890,OK,NONE
35.85,79.29,61,WARNING,POSITION_ERROR
59.85,88.33,738,WARNING,MULTIPLE_FAULTS
28.98,44.55,88,WARNING,POSITION_ERROR
43.72,67.71,609,OK,NONE
38.3,55.43,634,OK,NONE
25.18,87.77,920,WARNING,MULTIPLE_FAULTS
54.09,32.3,462,WARNING,OVERHEAT
46.21,65.81,954,WARNING,MULTIPLE_FAULTS
31.26,46.42,37,WARNING,POSITION_ERROR
30.39,77.02,601,OK,NONE
41.3,92.54,687,WARNING,HIGH_HUMIDITY
47.33,34.95,592,WARNING,OVERHEAT
22.46,87.39,317,WARNING,HIGH_HUMIDITY
43.7,83.6,567,WARNING,HIGH_HUMIDITY
46.48,65.35,972,WARNING,MULTIPLE_FAULTS
30.68,87.11,146,WARNING,HIGH_HUMIDITY
54.73,45.94,570,WARNING,OVERHEAT
54.69,76.04,362,WARNING,OVERHEAT
29.55,90.46,355,WARNING,HIGH_HUMIDITY
44.74,78.93,6,WARNING,POSITION_ERROR
55.27,92.49,760,WARNING,MULTIPLE_FAULTS
21.17,83.68,393,WARNING,HIGH_HUMIDITY
52.8,44.86,550,WARNING,OVERHEAT
26.43,83.17,717,WARNING,HIGH_HUMIDITY
50.27,46.81,961,WARNING,MULTIPLE_FAULTS
31.48,70.1,112,OK,NONE
42.39,37.53,865,OK,NONE
45.36,65.1,674,WARNING,OVERHEAT
25.14,48.42,454,OK,NONE
41.65,92.59,830,WARNING,HIGH_HUMIDITY
35.69,41.67,36,WARNING,POSITION_ERROR
24.1,90.92,863,WARNING,HIGH_HUMIDITY
50.83,91.57,191,WARNING,MULTIPLE_FAULTS
48.33,34.38,905,WARNING,MULTIPLE_FAULTS
38.94,33.76,119,OK,NONE
21.83,86.65,703,WARNING,HIGH_HUMIDITY
47.04,58.99,762,WARNING,OVERHEAT
25.2,79.29,6,WARNING,POSITION_ERROR
22.63,83.4,878,WARNING,HIGH_HUMIDITY
39.55,80.08,569,WARNING,HIGH_HUMIDITY
20.04,40.33,737,OK,NONE
59.88,57.7,396,WARNING,OVERHEAT
54.17,64.26,796,WARNING,OVERHEAT
47.75,44.35,129,WARNING,OVERHEAT
50.91,44.95,458,WARNING,OVERHEAT
30.93,91.81,747,WARNING,HIGH_HUMIDITY
21.25,77.53,302,OK,NONE
36.79,71.5,773,OK,NONE
50.4,58.75,506,WARNING,OVERHEAT
36.37,88.12,526,WARNING,HIGH_HUMIDITY
49.83,43.02,792,WARNING,OVERHEAT
48.6,66.58,491,WARNING,OVERHEAT
38.93,92.93,429,WARNING,HIGH_HUMIDITY
28.15,35.93,519,OK,NONE
50.84,84.91,198,WARNING,MULTIPLE_FAULTS
45.05,38.53,692,WARNING,OVERHEAT
56.47,92.89,915,WARNING,MULTIPLE_FAULTS
51.86,61.3,205,WARNING,OVERHEAT
43.93,69.47,851,OK,NONE
37.21,43.03,955,WARNING,POSITION_ERROR
22.57,67.83,116,OK,NONE
43.61,58.16,63,WARNING,POSITION_ERROR
38.21,30.76,273,OK,NONE
47.22,55.71,494,WARNING,OVERHEAT
44.0,48.96,300,OK,NONE
50.28,91.92,424,WARNING,MULTIPLE_FAULTS
21.58,61.23,87,WARNING,POSITION_ERROR
25.84,36.68,45,WARNING,POSITION_ERROR
25.7,62.43,85,WARNING,POSITION_ERROR
28.41,52.49,935,WARNING,POSITION_ERROR
20.39,51.22,1,WARNING,POSITION_ERROR
41.37,87.36,925,WARNING,MULTIPLE_FAULTS
21.33,35.11,917,WARNING,POSITION_ERROR
32.88,93.54,89,WARNING,MULTIPLE_FAULTS
47.58,82.04,993,WARNING,MULTIPLE_FAULTS
21.65,73.58,871,OK,NONE
45.46,75.92,901,WARNING,MULTIPLE_FAULTS
43.79,70.08,222,OK,NONE
41.65,76.09,263,OK,NONE
57.89,70.64,83,WARNING,MULTIPLE_FAULTS
33.58,82.96,6,WARNING,MULTIPLE_FAULTS
46.43,65.95,389,WARNING,OVERHEAT
52.69,59.4,514,WARNING,OVERHEAT
21.63,40.66,13,WARNING,POSITION_ERROR
23.27,33.92,86,WARNING,POSITION_ERROR
46.01,61.15,242,WARNING,OVERHEAT
28.77,93.43,355,WARNING,HIGH_HUMIDITY
49.77,86.67,308,WARNING,MULTIPLE_FAULTS
46.35,62.38,593,WARNING,OVERHEAT
20.83,72.46,548,OK,NONE
59.85,93.36,642,WARNING,MULTIPLE_FAULTS
23.26,56.21,444,OK,NONE
22.89,31.99,352,OK,NONE
53.62,41.32,724,WARNING,OVERHEAT
49.09,78.28,403,WARNING,OVERHEAT
45.15,77.8,381,WARNING,OVERHEAT
59.51,32.61,688,WARNING,OVERHEAT
40.56,68.22,249,OK,NONE
49.01,61.63,577,WARNING,OVERHEAT
43.91,81.54,294,WARNING,HIGH_HUMIDITY
31.07,68.5,245,OK,NONE
34.37,54.95,529,OK,NONE
45.26,77.65,866,WARNING,OVERHEAT
51.04,56.35,477,WARNING,OVERHEAT
27.19,45.44,333,OK,NONE
40.5,56.85,933,WARNING,POSITION_ERROR
39.69,46.07,827,OK,NONE
36.2,68.54,230,OK,NONE
34.37,68.54,837,OK,NONE
46.08,50.29,27,WARNING,MULTIPLE_FAULTS
30.33,72.69,448,OK,NONE
50.94,38.51,300,WARNING,OVERHEAT
29.48,45.25,9,WARNING,POSITION_ERROR
22.94,41.03,969,WARNING,POSITION_ERROR
37.95,73.51,360,OK,NONE
37.24,46.17,682,OK,NONE
57.94,46.41,885,WARNING,OVERHEAT
26.7,32.38,932,WARNING,POSITION_ERROR
34.27,64.68,304,OK,NONE
53.77,82.37,155,WARNING,MULTIPLE_FAULTS
54.57,66.28,250,WARNING,OVERHEAT
24.48,47.53,641,OK,NONE
24.92,45.02,281,OK,NONE
21.57,37.94,197,OK,NONE
27.2,35.76,160,OK,NONE
40.29,32.7,489,OK,NONE
35.9,61.19,250,OK,NONE
20.2,91.87,305,WARNING,HIGH_HUMIDITY
58.92,67.71,183,WARNING,OVERHEAT
40.62,61.78,427,OK,NONE
41.29,38.17,637,OK,NONE
32.32,75.8,745,OK,NONE
49.32,40.55,340,WARNING,OVERHEAT
23.76,73.72,351,OK,NONE
29.38,92.62,174,WARNING,HIGH_HUMIDITY
47.71,84.48,217,WARNING,MULTIPLE_FAULTS
34.97,31.14,977,WARNING,POSITION_ERROR
44.71,86.48,743,WARNING,HIGH_HUMIDITY
50.74,37.35,344,WARNING,OVERHEAT
47.58,73.97,146,WARNING,OVERHEAT
57.64,83.74,303,WARNING,MULTIPLE_FAULTS
46.05,36.93,219,WARNING,OVERHEAT
26.37,69.32,574,OK,NONE
59.09,56.45,687,WARNING,OVERHEAT
50.1,35.88,158,WARNING,OVERHEAT
49.54,87.1,380,WARNING,MULTIPLE_FAULTS
50.61,90.17,18,WARNING,MULTIPLE_FAULTS
52.31,79.55,278,WARNING,OVERHEAT
37.42,83.16,343,WARNING,HIGH_HUMIDITY
31.87,72.19,724,OK,NONE
32.98,53.82,710,OK,NONE
42.54,54.73,604,OK,NONE
37.95,45.44,496,OK,NONE
37.78,30.95,266,OK,NONE
44.14,73.43,841,OK,NONE
50.37,62.53,84,WARNING,MULTIPLE_FAULTS
54.53,63.74,453,WARNING,OVERHEAT
56.57,82.89,664,WARNING,MULTIPLE_FAULTS
35.21,55.92,292,OK,NONE
29.84,60.99,42,WARNING,POSITION_ERROR
50.6,82.84,497,WARNING,MULTIPLE_FAULTS
48.62,63.88,20,WARNING,MULTIPLE_FAULTS
27.83,30.49,814,OK,NONE
22.85,92.05,803,WARNING,HIGH_HUMIDITY
57.08,33.92,788,WARNING,OVERHEAT
39.17,42.65,333,OK,NONE
39.43,46.69,563,OK,NONE
46.8,90.42,155,WARNING,MULTIPLE_FAULTS
41.57,50.24,419,OK,NONE
48.71,55.99,588,WARNING,OVERHEAT
36.54,37.92,458,OK,NONE
24.93,85.86,38,WARNING,MULTIPLE_FAULTS
41.01,76.09,311,OK,NONE
51.74,42.04,951,WARNING,MULTIPLE_FAULTS
58.52,61.43,774,WARNING,OVERHEAT
52.63,54.28,684,WARNING,OVERHEAT
45.33,91.84,886,WARNING,MULTIPLE_FAULTS
45.52,63.49,219,WARNING,OVERHEAT
29.12,43.78,9,WARNING,POSITION_ERROR
26.99,53.45,681,OK,NONE
56.0,52.97,153,WARNING,OVERHEAT
30.23,49.63,663,OK,NONE
52.9,57.54,201,WARNING,OVERHEAT
52.38,79.83,969,WARNING,MULTIPLE_FAULTS
38.07,68.13,686,OK,NONE
29.41,86.5,672,WARNING,HIGH_HUMIDITY
28.67,36.22,431,OK,NONE
32.49,44.97,454,OK,NONE
41.87,45.08,589,OK,NONE
45.28,33.8,920,WARNING,MULTIPLE_FAULTS
59.51,38.87,596,WARNING,OVERHEAT
47.03,58.78,636,WARNING,OVERHEAT
48.7,75.01,998,WARNING,MULTIPLE_FAULTS
33.64,83.22,579,WARNING,HIGH_HUMIDITY
48.97,67.6,166,WARNING,OVERHEAT
50.9,47.22,740,WARNING,OVERHEAT
55.77,42.47,647,WARNING,OVERHEAT
34.68,52.33,998,WARNING,POSITION_ERROR
22.78,63.74,641,OK,NONE
46.78,34.55,159,WARNING,OVERHEAT
41.6,87.21,561,WARNING,HIGH_HUMIDITY
47.21,45.0,57,WARNING,MULTIPLE_FAULTS
33.32,73.52,726,OK,NONE
35.14,53.59,802,OK,NONE
49.23,60.24,263,WARNING,OVERHEAT
43.22,35.77,452,OK,NONE
27.01,74.85,310,OK,NONE
41.43,36.28,632,OK,NONE
52.87,30.08,399,WARNING,OVERHEAT
46.6,81.7,655,WARNING,MULTIPLE_FAULTS
35.3,37.79,626,OK,NONE
26.1,94.51,871,WARNING,HIGH_HUMIDITY
50.74,45.84,285,WARNING,OVERHEAT
40.84,70.53,977,WARNING,POSITION_ERROR
51.52,86.2,783,WARNING,MULTIPLE_FAULTS
40.27,40.35,508,OK,NONE
21.45,49.7,113,OK,NONE
33.67,54.76,769,OK,NONE
57.48,66.0,842,WARNING,OVERHEAT
53.01,48.18,665,WARNING,OVERHEAT
44.02,63.52,418,OK,NONE
51.45,67.35,315,WARNING,OVERHEAT
54.06,43.55,238,WARNING,OVERHEAT
35.89,65.08,428,OK,NONE
35.22,87.07,669,WARNING,HIGH_HUMIDITY
48.86,39.18,6,WARNING,MULTIPLE_FAULTS
32.19,35.26,404,OK,NONE
20.92,40.0,930,WARNING,POSITION_ERROR
33.84,93.41,767,WARNING,HIGH_HUMIDITY
57.31,67.39,252,WARNING,OVERHEAT
54.48,89.98,781,WARNING,MULTIPLE_FAULTS
25.57,88.39,237,WARNING,HIGH_HUMIDITY
26.99,62.67,936,WARNING,POSITION_ERROR
53.01,73.31,481,WARNING,OVERHEAT
22.73,31.68,536,OK,NONE
29.3,35.2,11,WARNING,POSITION_ERROR
58.63,58.11,652,WARNING,OVERHEAT
57.46,86.95,988,WARNING,MULTIPLE_FAULTS
24.23,71.65,860,OK,NONE
20.71,69.17,662,OK,NONE
26.08,33.99,466,OK,NONE
27.67,43.76,381,OK,NONE
59.79,33.76,55,WARNING,MULTIPLE_FAULTS
31.89,57.97,904,WARNING,POSITION_ERROR
25.69,37.89,189,OK,NONE
30.62,41.55,399,OK,NONE
22.49,63.11,614,OK,NONE
29.16,45.12,379,OK,NONE
32.25,70.55,123,OK,NONE
53.92,77.08,484,WARNING,OVERHEAT
55.46,59.24,482,WARNING,OVERHEAT
34.71,56.92,525,OK,NONE
27.08,55.16,644,OK,NONE
20.44,57.05,730,OK,NONE
36.74,81.37,660,WARNING,HIGH_HUMIDITY
50.41,38.91,422,WARNING,OVERHEAT
44.76,51.03,985,WARNING,POSITION_ERROR
29.65,93.43,337,WARNING,HIGH_HUMIDITY
22.58,32.77,464,OK,NONE
24.39,65.62,702,OK,NONE
39.97,47.29,628,OK,NONE
39.53,39.75,563,OK,NONE
29.74,72.36,226,OK,NONE
35.04,55.64,421,OK,NONE
35.7,92.15,624,WARNING,HIGH_HUMIDITY
58.21,81.15,392,WARNING,MULTIPLE_FAULTS
57.71,82.58,559,WARNING,MULTIPLE_FAULTS
30.19,84.66,825,WARNING,HIGH_HUMIDITY
30.12,80.78,283,WARNING,HIGH_HUMIDITY
45.49,72.86,954,WARNING,MULTIPLE_FAULTS
38.0,44.75,912,WARNING,POSITION_ERROR
22.67,63.7,466,OK,NONE
24.23,94.24,86,WARNING,MULTIPLE_FAULTS
47.21,32.71,504,WARNING,OVERHEAT
49.85,72.84,434,WARNING,OVERHEAT
22.85,30.79,644,OK,NONE
40.34,55.19,926,WARNING,POSITION_ERROR
31.86,52.73,398,OK,NONE
57.69,80.95,562,WARNING,MULTIPLE_FAULTS
26.96,36.4,349,OK,NONE
53.22,34.47,137,WARNING,OVERHEAT
20.84,35.34,219,OK,NONE
55.96,80.86,359,WARNING,MULTIPLE_FAULTS
44.99,54.83,945,WARNING,POSITION_ERROR
20.42,46.6,835,OK,NONE
50.99,71.85,377,WARNING,OVERHEAT
39.13,88.23,777,WARNING,HIGH_HUMIDITY
51.95,49.03,487,WARNING,OVERHEAT
24.56,61.59,159,OK,NONE
49.92,82.77,891,WARNING,MULTIPLE_FAULTS
26.27,32.84,272,OK,NONE
57.12,44.6,664,WARNING,OVERHEAT
35.04,65.76,984,WARNING,POSITION_ERROR
26.55,47.8,979,WARNING,POSITION_ERROR
24.86,42.84,685,OK,NONE
20.51,94.51,121,WARNING,HIGH_HUMIDITY
52.64,85.99,496,WARNING,MULTIPLE_FAULTS
30.34,65.36,148,OK,NONE
50.2,59.94,903,WARNING,MULTIPLE_FAULTS
49.93,66.26,662,WARNING,OVERHEAT
46.25,41.53,597,WARNING,OVERHEAT
50.13,47.51,859,WARNING,OVERHEAT
21.73,40.71,540,OK,NONE
47.41,35.97,561,WARNING,OVERHEAT
28.54,62.88,87,WARNING,POSITION_ERROR
33.7,56.87,420,OK,NONE
43.61,63.04,702,OK,NONE
24.24,39.85,29,WARNING,POSITION_ERROR
54.93,71.36,127,WARNING,OVERHEAT
37.35,40.46,185,OK,NONE
20.37,46.03,260,OK,NONE
55.26,48.06,482,WARNING,OVERHEAT
36.06,82.0,490,WARNING,HIGH_HUMIDITY
32.44,78.25,301,OK,NONE
44.64,42.22,936,WARNING,POSITION_ERROR
35.01,65.02,931,WARNING,POSITION_ERROR
20.21,79.46,565,OK,NONE
53.31,30.72,632,WARNING,OVERHEAT
58.32,53.92,586,WARNING,OVERHEAT
50.25,84.73,69,WARNING,MULTIPLE_FAULTS
55.07,94.76,131,WARNING,MULTIPLE_FAULTS
35.42,71.82,905,WARNING,POSITION_ERROR
55.45,68.55,804,WARNING,OVERHEAT
46.52,30.12,870,WARNING,OVERHEAT
20.13,70.27,771,OK,NONE
27.25,55.2,272,OK,NONE
43.53,61.26,525,OK,NONE
48.94,36.77,697,WARNING,OVERHEAT
42.46,66.44,765,OK,NONE
39.46,68.96,914,WARNING,POSITION_ERROR
30.79,83.63,816,WARNING,HIGH_HUMIDITY
45.46,39.68,663,WARNING,OVERHEAT
33.37,81.02,997,WARNING,MULTIPLE_FAULTS
28.39,83.63,18,WARNING,MULTIPLE_FAULTS
37.61,39.58,182,OK,NONE
49.42,45.33,830,WARNING,OVERHEAT
28.82,68.88,762,OK,NONE
50.66,77.69,117,WARNING,OVERHEAT
45.7,57.38,259,WARNING,OVERHEAT
39.85,41.59,398,OK,NONE
36.4,84.59,74,WARNING,MULTIPLE_FAULTS
49.6,91.77,836,WARNING,MULTIPLE_FAULTS
27.38,53.55,49,WARNING,POSITION_ERROR
26.61,75.52,861,OK,NONE
53.27,47.75,848,WARNING,OVERHEAT
57.18,80.87,914,WARNING,MULTIPLE_FAULTS
30.37,57.93,580,OK,NONE
53.68,42.1,48,WARNING,MULTIPLE_FAULTS
37.41,90.93,355,WARNING,HIGH_HUMIDITY
25.34,35.24,742,OK,NONE
56.16,89.11,791,WARNING,MULTIPLE_FAULTS
49.18,79.76,181,WARNING,OVERHEAT
29.01,38.54,568,OK,NONE
50.06,72.7,547,WARNING,OVERHEAT
20.54,48.38,617,OK,NONE
31.29,47.01,162,OK,NONE
31.02,81.16,905,WARNING,MULTIPLE_FAULTS
30.88,79.36,617,OK,NONE
53.79,47.43,840,WARNING,OVERHEAT
39.5,32.18,595,OK,NONE
44.79,66.53,532,OK,NONE
41.3,56.72,518,OK,NONE
23.46,45.39,671,OK,NONE
46.55,92.62,654,WARNING,MULTIPLE_FAULTS
55.29,55.57,665,WARNING,OVERHEAT
36.75,46.91,312,OK,NONE
39.78,93.67,580,WARNING,HIGH_HUMIDITY
46.17,42.88,983,WARNING,MULTIPLE_FAULTS
33.53,50.07,852,OK,NONE
44.34,52.72,424,OK,NONE
20.88,76.8,894,OK,NONE
30.04,85.29,288,WARNING,HIGH_HUMIDITY
40.94,37.46,353,OK,NONE
36.16,65.27,422,OK,NONE
48.31,65.33,965,WARNING,MULTIPLE_FAULTS
29.05,85.05,841,WARNING,HIGH_HUMIDITY
26.63,91.47,111,WARNING,HIGH_HUMIDITY
28.64,36.34,143,OK,NONE
36.47,72.31,85,WARNING,POSITION_ERROR
31.62,81.15,293,WARNING,HIGH_HUMIDITY
52.26,59.85,703,WARNING,OVERHEAT
51.76,62.32,31,WARNING,MULTIPLE_FAULTS
30.34,40.71,382,OK,NONE
50.34,79.02,654,WARNING,OVERHEAT
28.2,87.06,725,WARNING,HIGH_HUMIDITY
26.46,46.61,380,OK,NONE
38.05,94.02,25,WARNING,MULTIPLE_FAULTS
42.32,65.91,759,OK,NONE
38.56,89.1,96,WARNING,MULTIPLE_FAULTS
35.63,81.89,678,WARNING,HIGH_HUMIDITY
46.27,83.44,177,WARNING,MULTIPLE_FAULTS
23.74,58.67,778,OK,NONE
28.15,64.02,919,WARNING,POSITION_ERROR
34.27,79.24,484,OK,NONE
45.38,81.86,558,WARNING,MULTIPLE_FAULTS
27.83,88.3,209,WARNING,HIGH_HUMIDITY
26.32,75.23,267,OK,NONE
26.64,69.88,876,OK,NONE
56.25,48.0,39,WARNING,MULTIPLE_FAULTS
40.28,68.88,519,OK,NONE
55.76,72.53,618,WARNING,OVERHEAT
32.53,81.91,365,WARNING,HIGH_HUMIDITY
23.34,87.36,523,WARNING,HIGH_HUMIDITY
49.59,50.78,128,WARNING,OVERHEAT
36.71,93.97,532,WARNING,HIGH_HUMIDITY
49.01,51.0,923,WARNING,MULTIPLE_FAULTS
55.28,57.79,246,WARNING,OVERHEAT
25.19,74.65,130,OK,NONE
41.1,76.76,929,WARNING,POSITION_ERROR
28.39,54.64,226,OK,NONE
27.5,85.78,371,WARNING,HIGH_HUMIDITY
56.73,37.2,571,WARNING,OVERHEAT
32.57,60.63,942,WARNING,POSITION_ERROR
46.07,50.41,727,WARNING,OVERHEAT
39.77,83.84,475,WARNING,HIGH_HUMIDITY
41.02,45.88,155,OK,NONE
53.04,36.54,980,WARNING,MULTIPLE_FAULTS
36.8,88.85,306,WARNING,HIGH_HUMIDITY
38.01,78.67,952,WARNING,POSITION_ERROR
37.42,67.52,272,OK,NONE
53.66,60.63,782,WARNING,OVERHEAT
30.16,32.02,892,OK,NONE
47.05,51.13,935,WARNING,MULTIPLE_FAULTS
20.15,74.31,453,OK,NONE
54.23,44.77,967,WARNING,MULTIPLE_FAULTS
22.91,35.01,578,OK,NONE
47.77,63.32,805,WARNING,OVERHEAT
34.42,34.45,312,OK,NONE
32.16,72.46,653,OK,NONE
56.14,45.13,392,WARNING,OVERHEAT
51.54,73.22,209,WARNING,OVERHEAT
46.03,86.82,218,WARNING,MULTIPLE_FAULTS
42.42,37.21,887,OK,NONE
35.18,44.74,500,OK,NONE
41.87,54.73,541,OK,NONE
52.09,61.14,880,WARNING,OVERHEAT
21.68,78.09,153,OK,NONE
58.65,38.28,82,WARNING,MULTIPLE_FAULTS
58.91,83.69,274,WARNING,MULTIPLE_FAULTS
52.2,31.17,326,WARNING,OVERHEAT
44.85,66.35,635,OK,NONE
53.18,48.3,942,WARNING,MULTIPLE_FAULTS
37.99,44.2,436,OK,NONE
41.63,36.27,285,OK,NONE
21.84,66.87,819,OK,NONE
32.05,68.89,738,OK,NONE
29.05,77.47,40,WARNING,POSITION_ERROR
21.93,88.69,775,WARNING,HIGH_HUMIDITY
55.09,51.48,597,WARNING,OVERHEAT
55.69,42.05,694,WARNING,OVERHEAT
41.25,84.48,431,WARNING,HIGH_HUMIDITY
21.39,67.88,575,OK,NONE
51.57,67.27,660,WARNING,OVERHEAT
22.55,84.04,962,WARNING,MULTIPLE_FAULTS
39.53,77.94,200,OK,NONE
56.39,73.5,976,WARNING,MULTIPLE_FAULTS
22.59,92.13,7,WARNING,MULTIPLE_FAULTS
40.7,57.98,331,OK,NONE
56.43,60.19,526,WARNING,OVERHEAT
44.08,88.01,604,WARNING,HIGH_HUMIDITY
26.82,91.63,549,WARNING,HIGH_HUMIDITY
43.67,75.67,131,OK,NONE
47.06,38.56,771,WARNING,OVERHEAT
35.38,61.7,853,OK,NONE
30.51,47.65,346,OK,NONE
49.74,62.91,86,WARNING,MULTIPLE_FAULTS
36.28,87.95,721,WARNING,HIGH_HUMIDITY
34.47,60.71,729,OK,NONE
56.3,45.53,361,WARNING,OVERHEAT
58.86,51.54,752,WARNING,OVERHEAT
44.9,60.53,431,OK,NONE
31.23,43.45,652,OK,NONE
41.48,85.52,880,WARNING,HIGH_HUMIDITY
28.76,32.39,891,OK,NONE
31.4,60.09,756,OK,NONE
42.88,63.32,362,OK,NONE
21.78,48.06,343,OK,NONE
23.48,70.11,855,OK,NONE
41.26,87.19,182,WARNING,HIGH_HUMIDITY
54.97,62.08,778,WARNING,OVERHEAT
21.79,59.29,126,OK,NONE
30.99,55.65,619,OK,NONE
49.19,87.35,956,WARNING,MULTIPLE_FAULTS
48.56,69.51,239,WARNING,OVERHEAT
31.87,76.7,987,WARNING,POSITION_ERROR
52.85,30.1,858,WARNING,OVERHEAT
20.08,76.64,430,OK,NONE
22.38,69.25,849,OK,NONE
30.27,73.24,672,OK,NONE
38.25,53.99,658,OK,NONE
43.85,65.72,112,OK,NONE
22.84,35.21,654,OK,NONE
49.99,56.82,796,WARNING,OVERHEAT
47.15,53.52,842,WARNING,OVERHEAT
43.95,62.64,562,OK,NONE
56.53,69.82,539,WARNING,OVERHEAT
26.87,71.46,628,OK,NONE
56.1,34.32,911,WARNING,MULTIPLE_FAULTS
59.65,83.3,936,WARNING,MULTIPLE_FAULTS
36.88,49.18,832,OK,NONE
23.38,55.96,356,OK,NONE
24.92,66.31,222,OK,NONE
38.66,83.09,293,WARNING,HIGH_HUMIDITY
53.82,75.01,657,WARNING,OVERHEAT
36.16,35.04,72,WARNING,POSITION_ERROR
32.25,81.28,187,WARNING,HIGH_HUMIDITY
29.05,54.98,194,OK,NONE
54.3,89.58,62,WARNING,MULTIPLE_FAULTS
23.95,87.83,671,WARNING,HIGH_HUMIDITY
34.85,69.07,611,OK,NONE
35.72,64.18,289,OK,NONE
26.67,57.98,195,OK,NONE
21.79,79.52,558,OK,NONE
26.18,31.65,443,OK,NONE
35.16,30.44,478,OK,NONE
51.67,68.74,880,WARNING,OVERHEAT
47.08,69.38,929,WARNING,MULTIPLE_FAULTS
53.67,67.71,485,WARNING,OVERHEAT
38.16,74.74,876,OK,NONE
58.88,44.85,343,WARNING,OVERHEAT
40.22,92.66,771,WARNING,HIGH_HUMIDITY
23.97,43.58,362,OK,NONE
35.52,40.4,817,OK,NONE
32.53,39.56,244,OK,NONE
31.57,88.51,124,WARNING,HIGH_HUMIDITY
34.82,54.36,34,WARNING,POSITION_ERROR
55.54,69.19,200,WARNING,OVERHEAT
59.36,48.75,430,WARNING,OVERHEAT
26.06,32.01,735,OK,NONE
33.62,65.19,164,OK,NONE
39.12,64.6,364,OK,NONE
50.48,84.19,946,WARNING,MULTIPLE_FAULTS
34.25,83.74,108,WARNING,HIGH_HUMIDITY
27.78,33.75,941,WARNING,POSITION_ERROR
47.1,45.28,138,WARNING,OVERHEAT
42.31,52.57,603,OK,NONE
43.32,94.98,908,WARNING,MULTIPLE_FAULTS
45.05,61.78,434,WARNING,OVERHEAT
51.3,77.75,849,WARNING,OVERHEAT
44.94,67.01,761,OK,NONE
38.46,77.5,519,OK,NONE
21.58,60.91,163,OK,NONE
56.28,38.6,90,WARNING,MULTIPLE_FAULTS
56.38,76.94,684,WARNING,OVERHEAT
38.34,32.47,757,OK,NONE
51.62,38.11,976,WARNING,MULTIPLE_FAULTS
47.23,60.34,523,WARNING,OVERHEAT
58.78,91.69,665,WARNING,MULTIPLE_FAULTS
59.24,61.42,863,WARNING,OVERHEAT
39.68,49.66,227,OK,NONE
31.43,43.21,215,OK,NONE
37.65,69.37,703,OK,NONE
39.69,67.52,690,OK,NONE
55.78,59.64,603,WARNING,OVERHEAT
53.1,79.69,771,WARNING,OVERHEAT
52.26,60.97,510,WARNING,OVERHEAT
24.37,85.51,848,WARNING,HIGH_HUMIDITY
45.61,49.4,839,WARNING,OVERHEAT
22.5,87.43,442,WARNING,HIGH_HUMIDITY
21.23,93.15,700,WARNING,HIGH_HUMIDITY
57.06,31.24,479,WARNING,OVERHEAT
57.17,31.99,834,WARNING,OVERHEAT
47.7,38.74,125,WARNING,OVERHEAT
45.78,83.29,680,WARNING,MULTIPLE_FAULTS
31.15,43.7,56,WARNING,POSITION_ERROR
51.74,94.39,369,WARNING,MULTIPLE_FAULTS
47.07,83.85,326,WARNING,MULTIPLE_FAULTS
20.09,32.87,291,OK,NONE
53.37,78.13,548,WARNING,OVERHEAT
20.23,90.91,187,WARNING,HIGH_HUMIDITY
46.34,79.8,675,WARNING,OVERHEAT
48.0,36.79,534,WARNING,OVERHEAT
39.51,35.05,383,OK,NONE
47.5,31.59,74,WARNING,MULTIPLE_FAULTS
33.95,37.21,187,OK,NONE
43.08,75.35,44,WARNING,POSITION_ERROR
58.2,63.97,527,WARNING,OVERHEAT
47.27,37.34,161,WARNING,OVERHEAT
51.78,75.96,187,WARNING,OVERHEAT
25.81,76.16,183,OK,NONE
31.81,45.1,294,OK,NONE
36.05,49.01,631,OK,NONE
36.2,88.9,732,WARNING,HIGH_HUMIDITY
43.33,84.74,912,WARNING,MULTIPLE_FAULTS
45.62,93.63,532,WARNING,MULTIPLE_FAULTS
28.59,57.05,280,OK,NONE
24.92,87.76,22,WARNING,MULTIPLE_FAULTS
54.68,59.51,483,WARNING,OVERHEAT
44.99,34.67,159,OK,NONE
41.05,60.11,877,OK,NONE
52.9,82.26,21,WARNING,MULTIPLE_FAULTS
42.53,37.8,58,WARNING,POSITION_ERROR
51.01,47.64,630,WARNING,OVERHEAT
26.34,87.33,759,WARNING,HIGH_HUMIDITY
45.18,33.53,715,WARNING,OVERHEAT
36.1,36.68,240,OK,NONE
40.45,33.05,95,WARNING,POSITION_ERROR
43.74,88.22,87,WARNING,MULTIPLE_FAULTS
53.57,30.25,324,WARNING,OVERHEAT
57.62,35.38,667,WARNING,OVERHEAT
24.08,53.42,658,OK,NONE
42.6,86.33,451,WARNING,HIGH_HUMIDITY
51.56,87.97,140,WARNING,MULTIPLE_FAULTS
36.9,54.53,567,OK,NONE
58.56,35.8,697,WARNING,OVERHEAT
21.69,66.7,827,OK,NONE
45.31,75.75,905,WARNING,MULTIPLE_FAULTS
25.56,46.53,234,OK,NONE
46.66,92.79,875,WARNING,MULTIPLE_FAULTS
25.18,73.95,792,OK,NONE
31.92,36.85,978,WARNING,POSITION_ERROR
45.37,94.97,912,WARNING,MULTIPLE_FAULTS
34.4,92.19,539,WARNING,HIGH_HUMIDITY
54.63,60.94,495,WARNING,OVERHEAT
28.36,53.97,235,OK,NONE
20.12,85.83,12,WARNING,MULTIPLE_FAULTS
36.66,83.44,30,WARNING,MULTIPLE_FAULTS
48.79,54.13,165,WARNING,OVERHEAT
38.89,87.21,992,WARNING,MULTIPLE_FAULTS
51.85,79.01,748,WARNING,OVERHEAT
31.81,38.88,262,OK,NONE
25.03,77.91,325,OK,NONE
45.79,55.68,487,WARNING,OVERHEAT
38.73,67.65,532,OK,NONE
31.5,53.91,312,OK,NONE
52.93,80.83,564,WARNING,MULTIPLE_FAULTS
30.7,84.31,557,WARNING,HIGH_HUMIDITY
29.68,89.22,769,WARNING,HIGH_HUMIDITY
20.77,38.08,137,OK,NONE
21.26,77.85,613,OK,NONE
41.24,68.68,535,OK,NONE
48.99,87.05,377,WARNING,MULTIPLE_FAULTS
40.76,74.04,851,OK,NONE
38.2,47.37,464,OK,NONE
40.85,93.44,794,WARNING,HIGH_HUMIDITY
43.01,34.97,174,OK,NONE
52.29,37.81,133,WARNING,OVERHEAT
37.42,51.59,664,OK,NONE
50.93,63.67,755,WARNING,OVERHEAT
45.67,67.09,719,WARNING,OVERHEAT
31.99,72.02,646,OK,NONE
55.17,73.91,159,WARNING,OVERHEAT
55.94,80.91,728,WARNING,MULTIPLE_FAULTS
31.65,43.46,58,WARNING,POSITION_ERROR
32.12,34.27,488,OK,NONE
57.5,69.21,204,WARNING,OVERHEAT
49.9,60.8,217,WARNING,OVERHEAT
43.29,94.36,630,WARNING,HIGH_HUMIDITY
51.41,94.44,433,WARNING,MULTIPLE_FAULTS
45.78,66.48,277,WARNING,OVERHEAT
34.63,44.65,491,OK,NONE
44.79,88.24,24,WARNING,MULTIPLE_FAULTS
51.25,67.59,266,WARNING,OVERHEAT
59.27,64.27,67,WARNING,MULTIPLE_FAULTS
35.53,73.82,490,OK,NONE
52.39,91.58,101,WARNING,MULTIPLE_FAULTS
31.62,60.55,558,OK,NONE
22.43,74.85,793,OK,NONE
25.89,30.51,819,OK,NONE
29.21,32.9,672,OK,NONE
58.32,64.43,14,WARNING,MULTIPLE_FAULTS
34.17,91.69,557,WARNING,HIGH_HUMIDITY
23.05,47.86,597,OK,NONE
50.43,65.55,301,WARNING,OVERHEAT
37.31,32.85,989,WARNING,POSITION_ERROR
54.56,61.29,492,WARNING,OVERHEAT
22.0,84.84,751,WARNING,HIGH_HUMIDITY
59.8,64.27,862,WARNING,OVERHEAT
29.68,92.44,271,WARNING,HIGH_HUMIDITY
45.46,62.39,695,WARNING,OVERHEAT
48.47,93.77,331,WARNING,MULTIPLE_FAULTS
30.38,58.4,18,WARNING,POSITION_ERROR
27.04,43.91,977,WARNING,POSITION_ERROR
59.25,42.36,882,WARNING,OVERHEAT
49.28,53.08,272,WARNING,OVERHEAT
58.41,63.89,449,WARNING,OVERHEAT
58.68,55.53,361,WARNING,OVERHEAT
39.08,76.69,494,OK,NONE
29.28,59.79,592,OK,NONE
26.51,66.73,853,OK,NONE
54.21,69.2,420,WARNING,OVERHEAT
20.36,53.21,511,OK,NONE
42.08,82.31,980,WARNING,MULTIPLE_FAULTS
28.88,50.91,321,OK,NONE
40.59,82.54,789,WARNING,HIGH_HUMIDITY
37.15,31.9,450,OK,NONE
55.79,30.03,739,WARNING,OVERHEAT
31.56,55.86,666,OK,NONE
58.19,62.15,600,WARNING,OVERHEAT
50.44,54.16,979,WARNING,MULTIPLE_FAULTS
23.63,32.12,610,OK,NONE
58.04,67.51,717,WARNING,OVERHEAT
44.88,94.51,860,WARNING,HIGH_HUMIDITY
42.56,53.31,323,OK,NONE
53.89,88.65,153,WARNING,MULTIPLE_FAULTS
56.73,36.62,265,WARNING,OVERHEAT
53.59,78.87,900,WARNING,OVERHEAT
21.44,41.39,353,OK,NONE
47.18,44.62,579,WARNING,OVERHEAT
43.26,58.38,946,WARNING,POSITION_ERROR
37.1,51.21,882,OK,NONE
31.3,52.95,302,OK,NONE
56.15,84.98,644,WARNING,MULTIPLE_FAULTS
36.78,80.72,873,WARNING,HIGH_HUMIDITY
55.56,65.39,108,WARNING,OVERHEAT
43.65,42.1,146,OK,NONE
43.75,32.13,493,OK,NONE
22.85,34.49,270,OK,NONE
55.18,59.9,366,WARNING,OVERHEAT
52.44,84.33,188,WARNING,MULTIPLE_FAULTS
49.07,80.3,535,WARNING,MULTIPLE_FAULTS
46.19,39.85,952,WARNING,MULTIPLE_FAULTS
38.53,32.95,627,OK,NONE
37.01,32.44,253,OK,NONE
41.87,64.58,508,OK,NONE
36.66,63.96,356,OK,NONE
48.93,43.04,614,WARNING,OVERHEAT
32.17,49.76,514,OK,NONE
55.31,33.37,963,WARNING,MULTIPLE_FAULTS
58.67,44.58,510,WARNING,OVERHEAT
45.63,57.04,908,WARNING,MULTIPLE_FAULTS
36.91,49.69,701,OK,NONE
52.72,46.43,946,WARNING,MULTIPLE_FAULTS
27.26,54.11,378,OK,NONE
59.98,56.37,527,WARNING,OVERHEAT
50.17,55.56,660,WARNING,OVERHEAT
25.98,54.74,798,OK,NONE
50.15,31.34,161,WARNING,OVERHEAT
51.23,67.95,650,WARNING,OVERHEAT
45.14,61.32,784,WARNING,OVERHEAT
44.06,49.28,152,OK,NONE
25.2,66.41,752,OK,NONE
40.55,63.08,803,OK,NONE
58.9,59.17,193,WARNING,OVERHEAT
47.89,76.43,890,WARNING,OVERHEAT
52.14,37.93,377,WARNING,OVERHEAT
49.16,86.01,592,WARNING,MULTIPLE_FAULTS
21.23,33.37,72,WARNING,POSITION_ERROR
33.81,51.81,307,OK,NONE
26.29,37.73,560,OK,NONE
49.08,66.53,182,WARNING,OVERHEAT
41.97,50.28,473,OK,NONE
26.52,81.1,127,WARNING,HIGH_HUMIDITY
56.26,31.04,42,WARNING,MULTIPLE_FAULTS
53.56,30.74,825,WARNING,OVERHEAT
44.64,84.81,758,WARNING,HIGH_HUMIDITY
29.4,75.82,850,OK,NONE
48.25,64.73,167,WARNING,OVERHEAT
22.07,62.81,282,OK,NONE
39.29,37.7,239,OK,NONE
52.0,65.93,715,WARNING,OVERHEAT
29.07,87.16,88,WARNING,MULTIPLE_FAULTS
26.29,50.14,150,OK,NONE
32.66,83.07,312,WARNING,HIGH_HUMIDITY
51.87,46.28,951,WARNING,MULTIPLE_FAULTS
57.41,85.29,594,WARNING,MULTIPLE_FAULTS
45.12,46.09,839,WARNING,OVERHEAT
22.07,65.68,125,OK,NONE
35.63,42.44,139,OK,NONE
44.85,51.71,568,OK,NONE
55.12,69.36,887,WARNING,OVERHEAT
51.35,48.57,879,WARNING,OVERHEAT
33.34,74.04,890,OK,NONE
22.26,54.3,451,OK,NONE
59.28,81.02,390,WARNING,MULTIPLE_FAULTS
45.29,42.93,402,WARNING,OVERHEAT
51.41,69.07,403,WARNING,OVERHEAT
31.11,47.96,713,OK,NONE
56.59,30.75,573,WARNING,OVERHEAT
40.75,41.66,517,OK,NONE
41.91,93.63,680,WARNING,HIGH_HUMIDITY
49.52,75.8,424,WARNING,OVERHEAT
28.18,63.78,582,OK,NONE
30.57,43.35,344,OK,NONE
49.61,71.0,791,WARNING,OVERHEAT
46.27,92.95,938,WARNING,MULTIPLE_FAULTS
43.81,41.19,494,OK,NONE
58.06,49.32,949,WARNING,MULTIPLE_FAULTS
47.83,59.77,482,WARNING,OVERHEAT
45.94,47.38,801,WARNING,OVERHEAT
48.15,54.26,282,WARNING,OVERHEAT
47.04,75.93,559,WARNING,OVERHEAT
43.34,64.17,58,WARNING,POSITION_ERROR
43.91,86.3,64,WARNING,MULTIPLE_FAULTS
24.68,59.19,820,OK,NONE
57.79,77.87,559,WARNING,OVERHEAT
20.27,80.2,867,WARNING,HIGH_HUMIDITY
48.05,74.21,283,WARNING,OVERHEAT
45.1,55.06,6,WARNING,MULTIPLE_FAULTS
30.12,59.27,896,OK,NONE
28.82,77.17,45,WARNING,POSITION_ERROR
27.54,73.71,175,OK,NONE
46.6,62.37,794,WARNING,OVERHEAT
37.34,36.02,506,OK,NONE
23.37,82.47,366,WARNING,HIGH_HUMIDITY
30.35,58.24,72,WARNING,POSITION_ERROR
37.54,94.76,859,WARNING,HIGH_HUMIDITY
44.53,71.45,169,OK,NONE
48.03,43.26,38,WARNING,MULTIPLE_FAULTS
27.97,87.04,479,WARNING,HIGH_HUMIDITY
56.46,31.92,736,WARNING,OVERHEAT
28.58,47.6,943,WARNING,POSITION_ERROR
56.45,53.07,945,WARNING,MULTIPLE_FAULTS
49.31,69.44,330,WARNING,OVERHEAT
43.79,54.19,502,OK,NONE
53.54,82.33,274,WARNING,MULTIPLE_FAULTS
39.74,48.41,503,OK,NONE
28.01,70.09,832,OK,NONE
30.13,94.2,775,WARNING,HIGH_HUMIDITY
22.74,54.12,72,WARNING,POSITION_ERROR
28.25,81.98,294,WARNING,HIGH_HUMIDITY
30.75,53.95,693,OK,NONE
54.39,32.28,186,WARNING,OVERHEAT
38.17,70.97,362,OK,NONE
45.52,84.19,679,WARNING,MULTIPLE_FAULTS
37.7,72.21,548,OK,NONE
51.36,57.26,62,WARNING,MULTIPLE_FAULTS
31.7,58.85,184,OK,NONE
28.04,68.37,134,OK,NONE
22.25,61.92,835,OK,NONE
28.4,48.27,2,WARNING,POSITION_ERROR
36.39,72.59,384,OK,NONE
56.96,37.27,924,WARNING,MULTIPLE_FAULTS
22.82,42.07,20,WARNING,POSITION_ERROR
49.87,76.84,302,WARNING,OVERHEAT
47.41,37.18,68,WARNING,MULTIPLE_FAULTS
20.32,90.1,282,WARNING,HIGH_HUMIDITY
40.6,64.81,276,OK,NONE
49.7,34.98,855,WARNING,OVERHEAT
51.57,50.01,543,WARNING,OVERHEAT
52.37,81.11,621,WARNING,MULTIPLE_FAULTS
34.18,62.87,806,OK,NONE
29.27,50.71,828,OK,NONE
35.71,65.97,546,OK,NONE
33.96,63.9,260,OK,NONE
47.08,84.46,470,WARNING,MULTIPLE_FAULTS
38.47,56.94,894,OK,NONE
44.42,40.42,676,OK,NONE
36.44,76.93,371,OK,NONE
29.18,37.64,400,OK,NONE
49.63,86.09,484,WARNING,MULTIPLE_FAULTS
49.3,63.47,661,WARNING,OVERHEAT
41.65,52.44,637,OK,NONE
26.63,87.91,973,WARNING,MULTIPLE_FAULTS
24.86,71.25,114,OK,NONE
28.89,63.75,539,OK,NONE
32.44,40.85,558,OK,NONE
35.64,45.22,910,WARNING,POSITION_ERROR
49.98,67.17,362,WARNING,OVERHEAT
42.28,57.03,957,WARNING,POSITION_ERROR
54.86,74.13,935,WARNING,MULTIPLE_FAULTS
48.09,41.16,945,WARNING,MULTIPLE_FAULTS
33.1,65.53,896,OK,NONE
45.26,64.61,204,WARNING,OVERHEAT
47.87,62.22,316,WARNING,OVERHEAT
33.49,39.28,281,OK,NONE
40.49,37.43,793,OK,NONE
55.83,43.28,816,WARNING,OVERHEAT
58.06,80.47,573,WARNING,MULTIPLE_FAULTS
51.71,34.49,764,WARNING,OVERHEAT
36.32,87.57,415,WARNING,HIGH_HUMIDITY
48.59,87.3,821,WARNING,MULTIPLE_FAULTS
48.94,64.82,832,WARNING,OVERHEAT
38.6,86.82,424,WARNING,HIGH_HUMIDITY
39.4,51.69,744,OK,NONE
41.26,63.19,658,OK,NONE
54.2,87.37,898,WARNING,MULTIPLE_FAULTS
20.53,56.63,56,WARNING,POSITION_ERROR
52.14,88.62,559,WARNING,MULTIPLE_FAULTS
28.32,32.73,517,OK,NONE
35.58,65.21,291,OK,NONE
53.92,65.46,48,WARNING,MULTIPLE_FAULTS
22.96,54.41,556,OK,NONE
59.57,45.05,220,WARNING,OVERHEAT
42.36,50.88,850,OK,NONE
22.8,77.4,39,WARNING,POSITION_ERROR
22.75,54.02,506,OK,NONE
34.78,32.95,478,OK,NONE
48.35,30.54,234,WARNING,OVERHEAT
53.25,84.75,904,WARNING,MULTIPLE_FAULTS
20.21,82.29,316,WARNING,HIGH_HUMIDITY
24.15,33.16,931,WARNING,POSITION_ERROR
50.66,67.94,868,WARNING,OVERHEAT
40.84,52.76,479,OK,NONE
40.72,39.12,484,OK,NONE
28.29,76.36,570,OK,NONE
26.8,42.67,219,OK,NONE
35.63,40.31,399,OK,NONE
50.35,68.82,575,WARNING,OVERHEAT
50.97,85.42,756,WARNING,MULTIPLE_FAULTS
45.3,40.17,681,WARNING,OVERHEAT
36.6,76.33,527,OK,NONE
28.09,50.4,39,WARNING,POSITION_ERROR
43.99,86.0,733,WARNING,HIGH_HUMIDITY
56.31,62.96,206,WARNING,OVERHEAT
42.32,68.0,177,OK,NONE
35.31,83.42,657,WARNING,HIGH_HUMIDITY
58.34,58.02,61,WARNING,MULTIPLE_FAULTS
47.69,47.16,677,WARNING,OVERHEAT
49.93,44.63,989,WARNING,MULTIPLE_FAULTS
30.78,42.41,377,OK,NONE
31.14,72.56,902,WARNING,POSITION_ERROR
30.59,73.03,974,WARNING,POSITION_ERROR
52.87,60.0,886,WARNING,OVERHEAT
27.51,35.75,868,OK,NONE
49.91,39.79,391,WARNING,OVERHEAT
21.25,46.87,69,WARNING,POSITION_ERROR
36.61,87.75,590,WARNING,HIGH_HUMIDITY
42.29,32.53,689,OK,NONE
51.35,57.88,365,WARNING,OVERHEAT
55.52,51.14,924,WARNING,MULTIPLE_FAULTS
37.46,73.34,913,WARNING,POSITION_ERROR
53.79,46.19,181,WARNING,OVERHEAT
48.27,92.87,26,WARNING,MULTIPLE_FAULTS
59.96,51.23,798,WARNING,OVERHEAT
52.05,73.83,450,WARNING,OVERHEAT
59.91,45.7,654,WARNING,OVERHEAT
32.16,50.68,802,OK,NONE
20.9,53.43,498,OK,NONE
36.24,30.89,507,OK,NONE
46.17,45.08,165,WARNING,OVERHEAT
20.69,89.58,432,WARNING,HIGH_HUMIDITY
50.49,32.53,206,WARNING,OVERHEAT
40.47,30.35,514,OK,NONE
44.98,86.19,137,WARNING,HIGH_HUMIDITY
35.62,34.51,540,OK,NONE
50.27,58.75,73,WARNING,MULTIPLE_FAULTS
25.54,67.62,47,WARNING,POSITION_ERROR
43.87,90.33,621,WARNING,HIGH_HUMIDITY
34.86,70.2,190,OK,NONE
28.47,94.72,779,WARNING,HIGH_HUMIDITY
39.77,85.97,169,WARNING,HIGH_HUMIDITY
48.6,68.56,714,WARNING,OVERHEAT
57.97,84.13,154,WARNING,MULTIPLE_FAULTS
47.1,54.25,470,WARNING,OVERHEAT
57.0,71.06,342,WARNING,OVERHEAT
47.64,75.31,181,WARNING,OVERHEAT
31.01,40.15,63,WARNING,POSITION_ERROR
52.41,56.9,615,WARNING,OVERHEAT
48.21,59.59,942,WARNING,MULTIPLE_FAULTS
38.12,91.67,433,WARNING,HIGH_HUMIDITY
20.77,80.64,374,WARNING,HIGH_HUMIDITY
26.86,59.48,295,OK,NONE
52.11,92.46,642,WARNING,MULTIPLE_FAULTS
45.56,91.98,12,WARNING,MULTIPLE_FAULTS
26.15,67.22,741,OK,NONE
45.7,35.11,586,WARNING,OVERHEAT
43.71,53.07,149,OK,NONE
48.11,34.32,985,WARNING,MULTIPLE_FAULTS
23.38,69.45,627,OK,NONE
29.85,74.89,746,OK,NONE
28.45,86.09,238,WARNING,HIGH_HUMIDITY
47.34,54.4,214,WARNING,OVERHEAT
31.46,82.17,930,WARNING,MULTIPLE_FAULTS
28.02,44.05,464,OK,NONE
44.91,93.27,263,WARNING,HIGH_HUMIDITY
57.63,80.43,365,WARNING,MULTIPLE_FAULTS
33.41,34.36,630,OK,NONE
35.84,73.51,809,OK,NONE
57.52,35.53,522,WARNING,OVERHEAT
51.58,57.05,569,WARNING,OVERHEAT
29.17,60.49,357,OK,NONE
57.7,34.86,782,WARNING,OVERHEAT
25.89,93.25,637,WARNING,HIGH_HUMIDITY
26.64,37.44,235,OK,NONE
31.13,81.89,109,WARNING,HIGH_HUMIDITY
45.22,44.28,567,WARNING,OVERHEAT
25.19,46.67,48,WARNING,POSITION_ERROR
34.15,49.66,35,WARNING,POSITION_ERROR
28.42,82.59,222,WARNING,HIGH_HUMIDITY
51.07,34.97,855,WARNING,OVERHEAT
26.2,35.38,641,OK,NONE
53.17,75.93,301,WARNING,OVERHEAT
52.15,38.91,485,WARNING,OVERHEAT
51.22,49.74,919,WARNING,MULTIPLE_FAULTS
44.96,47.79,445,OK,NONE
55.02,58.71,734,WARNING,OVERHEAT
32.26,83.45,105,WARNING,HIGH_HUMIDITY
31.28,53.65,789,OK,NONE
49.0,67.33,370,WARNING,OVERHEAT
59.67,73.17,105,WARNING,OVERHEAT
32.56,64.97,678,OK,NONE
42.5,79.74,39,WARNING,POSITION_ERROR
34.86,42.69,81,WARNING,POSITION_ERROR
38.83,72.64,843,OK,NONE
39.33,84.48,326,WARNING,HIGH_HUMIDITY
24.68,81.98,911,WARNING,MULTIPLE_FAULTS
33.13,59.51,344,OK,NONE
40.55,88.71,876,WARNING,HIGH_HUMIDITY
58.06,41.41,978,WARNING,MULTIPLE_FAULTS
49.45,63.34,269,WARNING,OVERHEAT
45.79,44.94,550,WARNING,OVERHEAT
57.29,78.2,186,WARNING,OVERHEAT
25.65,67.11,219,OK,NONE
26.61,85.53,642,WARNING,HIGH_HUMIDITY
27.31,83.67,405,WARNING,HIGH_HUMIDITY
44.15,67.48,246,OK,NONE
42.85,39.3,205,OK,NONE
30.11,91.03,767,WARNING,HIGH_HUMIDITY
23.48,66.19,798,OK,NONE
42.93,51.95,307,OK,NONE
46.91,44.33,765,WARNING,OVERHEAT
40.8,63.93,382,OK,NONE
30.53,30.04,638,OK,NONE
44.01,33.48,499,OK,NONE
50.01,39.88,480,WARNING,OVERHEAT
42.17,42.97,919,WARNING,POSITION_ERROR
39.45,89.85,108,WARNING,HIGH_HUMIDITY
57.79,69.65,314,WARNING,OVERHEAT
29.53,89.05,934,WARNING,MULTIPLE_FAULTS
20.26,80.21,700,WARNING,HIGH_HUMIDITY
26.18,61.67,721,OK,NONE
40.52,75.77,12,WARNING,POSITION_ERROR
50.78,55.86,93,WARNING,MULTIPLE_FAULTS
39.03,73.84,605,OK,NONE
28.18,52.13,935,WARNING,POSITION_ERROR
29.07,73.55,179,OK,NONE
40.39,62.58,470,OK,NONE
45.05,48.1,824,WARNING,OVERHEAT
37.53,84.55,0,WARNING,MULTIPLE_FAULTS
51.84,78.99,719,WARNING,OVERHEAT
29.5,33.22,480,OK,NONE
50.94,89.47,903,WARNING,MULTIPLE_FAULTS
31.24,41.28,320,OK,NONE
44.43,42.99,882,OK,NONE
50.03,38.16,272,WARNING,OVERHEAT
28.43,66.17,724,OK,NONE
42.63,90.39,389,WARNING,HIGH_HUMIDITY
34.64,50.67,492,OK,NONE
53.07,64.11,232,WARNING,OVERHEAT
31.31,57.21,855,OK,NONE
21.2,92.5,62,WARNING,MULTIPLE_FAULTS
21.66,71.41,272,OK,NONE
46.14,42.5,27,WARNING,MULTIPLE_FAULTS
53.92,91.57,370,WARNING,MULTIPLE_FAULTS
40.25,52.78,176,OK,NONE
31.26,92.62,307,WARNING,HIGH_HUMIDITY
47.12,65.3,227,WARNING,OVERHEAT
44.91,94.36,185,WARNING,HIGH_HUMIDITY
31.13,39.25,695,OK,NONE
37.71,46.97,209,OK,NONE
59.67,65.17,459,WARNING,OVERHEAT
27.43,54.21,899,OK,NONE
27.94,40.72,366,OK,NONE
26.51,68.69,471,OK,NONE
33.66,59.17,510,OK,NONE
40.06,46.03,509,OK,NONE
22.4,88.81,915,WARNING,MULTIPLE_FAULTS
50.15,67.56,834,WARNING,OVERHEAT
31.77,37.46,282,OK,NONE
22.22,30.45,459,OK,NONE
54.6,46.21,686,WARNING,OVERHEAT
36.1,87.5,851,WARNING,HIGH_HUMIDITY
50.3,49.18,687,WARNING,OVERHEAT
47.64,47.66,600,WARNING,OVERHEAT
49.19,91.11,148,WARNING,MULTIPLE_FAULTS
37.2,84.01,725,WARNING,HIGH_HUMIDITY
26.93,61.58,883,OK,NONE
31.52,62.03,249,OK,NONE
25.48,77.7,24,WARNING,POSITION_ERROR
26.58,37.58,900,OK,NONE
34.21,32.94,363,OK,NONE
49.32,72.81,529,WARNING,OVERHEAT
24.23,86.75,871,WARNING,HIGH_HUMIDITY
46.28,88.4,241,WARNING,MULTIPLE_FAULTS
42.42,91.27,711,WARNING,HIGH_HUMIDITY
53.06,82.06,4,WARNING,MULTIPLE_FAULTS
23.95,34.92,548,OK,NONE
24.75,93.74,860,WARNING,HIGH_HUMIDITY
29.05,88.22,513,WARNING,HIGH_HUMIDITY
49.55,32.11,29,WARNING,MULTIPLE_FAULTS
54.54,44.5,934,WARNING,MULTIPLE_FAULTS
26.9,66.92,958,WARNING,POSITION_ERROR
42.45,46.01,731,OK,NONE
59.34,46.88,734,WARNING,OVERHEAT
51.28,45.6,673,WARNING,OVERHEAT
22.01,33.43,587,OK,NONE
40.94,44.19,612,OK,NONE
44.56,46.44,190,OK,NONE
47.55,88.35,334,WARNING,MULTIPLE_FAULTS
52.83,61.03,207,WARNING,OVERHEAT
34.5,82.37,528,WARNING,HIGH_HUMIDITY
42.29,40.14,165,OK,NONE
38.67,61.34,773,OK,NONE
42.63,41.87,71,WARNING,POSITION_ERROR
52.34,83.54,794,WARNING,MULTIPLE_FAULTS
51.26,47.92,674,WARNING,OVERHEAT
20.67,74.15,569,OK,NONE
47.35,64.55,25,WARNING,MULTIPLE_FAULTS
57.48,50.27,389,WARNING,OVERHEAT
26.45,72.67,145,OK,NONE
33.28,90.33,461,WARNING,HIGH_HUMIDITY
22.74,57.15,886,OK,NONE
40.49,80.28,750,WARNING,HIGH_HUMIDITY
46.47,34.99,914,WARNING,MULTIPLE_FAULTS
29.26,74.29,121,OK,NONE
53.35,82.95,316,WARNING,MULTIPLE_FAULTS
37.53,88.45,49,WARNING,MULTIPLE_FAULTS
24.23,53.07,140,OK,NONE
41.27,64.96,932,WARNING,POSITION_ERROR
22.8,55.69,835,OK,NONE
42.25,31.9,911,WARNING,POSITION_ERROR
21.68,57.25,283,OK,NONE
40.73,76.16,770,OK,NONE
29.26,62.66,170,OK,NONE
30.49,50.35,961,WARNING,POSITION_ERROR
55.45,90.73,370,WARNING,MULTIPLE_FAULTS
35.18,50.58,975,WARNING,POSITION_ERROR
36.13,78.91,657,OK,NONE
21.72,80.76,422,WARNING,HIGH_HUMIDITY
49.26,83.59,172,WARNING,MULTIPLE_FAULTS
46.32,30.52,951,WARNING,MULTIPLE_FAULTS
53.79,58.03,3,WARNING,MULTIPLE_FAULTS
50.73,62.53,617,WARNING,OVERHEAT
53.77,61.46,607,WARNING,OVERHEAT
30.98,88.6,5,WARNING,MULTIPLE_FAULTS
33.01,32.55,834,OK,NONE
53.14,76.33,95,WARNING,MULTIPLE_FAULTS
58.63,55.69,808,WARNING,OVERHEAT
28.44,85.72,503,WARNING,HIGH_HUMIDITY
52.22,91.54,979,WARNING,MULTIPLE_FAULTS
35.29,70.26,972,WARNING,POSITION_ERROR
59.61,31.68,315,WARNING,OVERHEAT
27.65,59.88,529,OK,NONE
24.82,91.0,790,WARNING,HIGH_HUMIDITY
22.63,87.66,68,WARNING,MULTIPLE_FAULTS
32.29,65.52,29,WARNING,POSITION_ERROR
51.05,38.48,247,WARNING,OVERHEAT
36.73,79.22,717,OK,NONE
48.97,74.88,605,WARNING,OVERHEAT
24.01,31.08,333,OK,NONE
26.38,51.82,777,OK,NONE
29.35,31.54,404,OK,NONE
57.93,49.8,720,WARNING,OVERHEAT
29.26,86.45,843,WARNING,HIGH_HUMIDITY
21.44,90.25,330,WARNING,HIGH_HUMIDITY
36.8,30.63,482,OK,NONE
21.15,67.91,261,OK,NONE
51.26,50.39,238,WARNING,OVERHEAT
21.61,68.24,332,OK,NONE
42.65,30.41,473,OK,NONE
31.01,76.11,71,WARNING,POSITION_ERROR
56.17,54.36,941,WARNING,MULTIPLE_FAULTS
27.78,36.06,140,OK,NONE
53.29,82.37,252,WARNING,MULTIPLE_FAULTS
32.7,46.86,519,OK,NONE
57.22,36.2,795,WARNING,OVERHEAT
22.02,70.72,612,OK,NONE
23.34,43.72,969,WARNING,POSITION_ERROR
46.51,86.59,380,WARNING,MULTIPLE_FAULTS
37.68,51.74,227,OK,NONE
47.75,65.93,460,WARNING,OVERHEAT
42.88,82.35,26,WARNING,MULTIPLE_FAULTS
56.43,65.58,280,WARNING,OVERHEAT
30.73,53.47,917,WARNING,POSITION_ERROR
25.02,41.13,949,WARNING,POSITION_ERROR
21.39,55.47,470,OK,NONE
52.11,46.02,885,WARNING,OVERHEAT
30.39,87.6,947,WARNING,MULTIPLE_FAULTS
32.48,37.94,914,WARNING,POSITION_ERROR
45.92,86.88,334,WARNING,MULTIPLE_FAULTS
53.04,73.75,387,WARNING,OVERHEAT
24.22,32.94,854,OK,NONE
49.52,53.43,953,WARNING,MULTIPLE_FAULTS
21.4,94.33,588,WARNING,HIGH_HUMIDITY
59.7,40.15,134,WARNING,OVERHEAT
24.69,40.99,158,OK,NONE
46.38,67.56,188,WARNING,OVERHEAT
45.52,94.04,287,WARNING,MULTIPLE_FAULTS
44.78,56.73,129,OK,NONE
44.75,73.25,863,OK,NONE
54.02,43.1,244,WARNING,OVERHEAT
37.18,48.13,906,WARNING,POSITION_ERROR
42.25,80.67,409,WARNING,HIGH_HUMIDITY
40.94,46.48,720,OK,NONE
55.6,94.48,320,WARNING,MULTIPLE_FAULTS
46.08,80.76,710,WARNING,MULTIPLE_FAULTS
30.12,86.26,107,WARNING,HIGH_HUMIDITY
22.44,48.71,817,OK,NONE
46.95,85.05,11,WARNING,MULTIPLE_FAULTS
26.07,87.82,181,WARNING,HIGH_HUMIDITY
44.13,74.36,315,OK,NONE
20.05,54.58,795,OK,NONE
50.74,44.71,443,WARNING,OVERHEAT
57.72,51.05,360,WARNING,OVERHEAT
46.09,46.32,245,WARNING,OVERHEAT
25.24,69.39,467,OK,NONE
48.06,37.37,335,WARNING,OVERHEAT
33.65,61.1,321,OK,NONE
36.45,38.22,857,OK,NONE
20.55,35.3,737,OK,NONE
53.68,61.38,577,WARNING,OVERHEAT
37.06,65.63,407,OK,NONE
39.7,71.17,568,OK,NONE
58.61,33.28,523,WARNING,OVERHEAT
43.68,40.78,870,OK,NONE
40.01,34.51,845,OK,NONE
53.59,38.29,673,WARNING,OVERHEAT
56.69,56.43,453,WARNING,OVERHEAT
48.59,49.07,205,WARNING,OVERHEAT
51.39,94.64,439,WARNING,MULTIPLE_FAULTS
51.69,73.96,163,WARNING,OVERHEAT
44.58,67.78,662,OK,NONE
20.04,47.68,698,OK,NONE
56.97,51.18,754,WARNING,OVERHEAT
43.74,31.06,709,OK,NONE
47.39,88.68,598,WARNING,MULTIPLE_FAULTS
42.26,52.28,799,OK,NONE
52.54,90.08,309,WARNING,MULTIPLE_FAULTS
56.74,72.24,108,WARNING,OVERHEAT
55.77,71.92,767,WARNING,OVERHEAT
51.19,37.68,864,WARNING,OVERHEAT
20.55,50.98,475,OK,NONE
30.18,30.84,982,WARNING,POSITION_ERROR
52.61,88.14,723,WARNING,MULTIPLE_FAULTS
42.63,63.44,325,OK,NONE
52.49,54.96,961,WARNING,MULTIPLE_FAULTS
44.29,55.27,600,OK,NONE
35.6,61.2,939,WARNING,POSITION_ERROR
23.87,41.5,565,OK,NONE
37.76,64.57,729,OK,NONE
22.63,87.94,962,WARNING,MULTIPLE_FAULTS
52.5,51.25,110,WARNING,OVERHEAT
32.73,61.79,851,OK,NONE
47.29,50.49,946,WARNING,MULTIPLE_FAULTS
34.59,78.0,708,OK,NONE
43.14,75.07,620,OK,NONE
30.27,82.27,242,WARNING,HIGH_HUMIDITY
40.0,77.47,684,OK,NONE
51.21,73.79,440,WARNING,OVERHEAT
31.38,58.8,948,WARNING,POSITION_ERROR
51.86,45.12,967,WARNING,MULTIPLE_FAULTS
25.02,92.63,751,WARNING,HIGH_HUMIDITY
31.29,49.37,76,WARNING,POSITION_ERROR
41.65,35.59,210,OK,NONE
53.3,93.41,206,WARNING,MULTIPLE_FAULTS
41.77,45.19,665,OK,NONE
31.83,90.62,609,WARNING,HIGH_HUMIDITY
39.93,74.81,941,WARNING,POSITION_ERROR
43.94,72.44,219,OK,NONE
55.92,82.65,442,WARNING,MULTIPLE_FAULTS
25.43,88.09,262,WARNING,HIGH_HUMIDITY
45.64,60.3,920,WARNING,MULTIPLE_FAULTS
48.02,80.08,651,WARNING,MULTIPLE_FAULTS
34.34,89.24,45,WARNING,MULTIPLE_FAULTS
49.3,90.07,268,WARNING,MULTIPLE_FAULTS
50.66,75.64,952,WARNING,MULTIPLE_FAULTS
58.66,70.83,479,WARNING,OVERHEAT
50.25,59.52,522,WARNING,OVERHEAT
34.8,65.78,428,OK,NONE
24.82,68.0,366,OK,NONE
33.82,83.03,540,WARNING,HIGH_HUMIDITY
33.57,62.89,333,OK,NONE
22.44,62.45,962,WARNING,POSITION_ERROR
38.07,53.06,92,WARNING,POSITION_ERROR
54.91,59.39,216,WARNING,OVERHEAT
36.59,55.17,558,OK,NONE
44.66,59.73,505,OK,NONE
22.46,82.89,489,WARNING,HIGH_HUMIDITY
49.22,38.8,168,WARNING,OVERHEAT
27.22,47.06,495,OK,NONE
43.27,56.1,819,OK,NONE
31.89,40.56,187,OK,NONE
26.51,77.73,426,OK,NONE
47.93,43.97,70,WARNING,MULTIPLE_FAULTS
43.81,86.67,290,WARNING,HIGH_HUMIDITY
24.66,46.53,291,OK,NONE
41.61,35.15,282,OK,NONE
43.71,39.64,155,OK,NONE
31.85,39.33,558,OK,NONE
54.8,54.15,420,WARNING,OVERHEAT
23.22,91.07,985,WARNING,MULTIPLE_FAULTS
38.8,62.66,541,OK,NONE
23.21,60.99,107,OK,NONE
56.63,53.39,89,WARNING,MULTIPLE_FAULTS
31.08,91.16,256,WARNING,HIGH_HUMIDITY
32.92,94.2,89,WARNING,MULTIPLE_FAULTS
27.09,76.93,711,OK,NONE
52.07,60.52,913,WARNING,MULTIPLE_FAULTS
43.23,90.84,760,WARNING,HIGH_HUMIDITY
55.8,39.69,523,WARNING,OVERHEAT
58.02,31.43,904,WARNING,MULTIPLE_FAULTS
54.95,30.84,540,WARNING,OVERHEAT
31.21,38.59,270,OK,NONE
44.42,31.57,171,OK,NONE
22.18,68.96,682,OK,NONE
38.37,78.89,185,OK,NONE
37.7,33.14,377,OK,NONE
37.65,42.96,195,OK,NONE
34.12,81.99,21,WARNING,MULTIPLE_FAULTS
28.73,90.8,425,WARNING,HIGH_HUMIDITY
51.38,68.91,566,WARNING,OVERHEAT
29.9,86.31,678,WARNING,HIGH_HUMIDITY
44.2,44.33,630,OK,NONE
39.13,31.37,661,OK,NONE
22.38,69.28,553,OK,NONE
31.33,84.42,250,WARNING,HIGH_HUMIDITY
46.66,35.21,924,WARNING,MULTIPLE_FAULTS
20.49,39.29,777,OK,NONE
28.09,55.14,517,OK,NONE
35.4,85.56,348,WARNING,HIGH_HUMIDITY
39.33,54.88,121,OK,NONE
25.81,62.87,596,OK,NONE
21.03,65.96,15,WARNING,POSITION_ERROR
42.64,87.07,827,WARNING,HIGH_HUMIDITY
30.32,37.38,326,OK,NONE
23.92,32.86,424,OK,NONE
56.11,64.12,427,WARNING,OVERHEAT
21.82,91.49,621,WARNING,HIGH_HUMIDITY
38.17,59.35,305,OK,NONE
26.8,38.25,665,OK,NONE
50.27,74.24,419,WARNING,OVERHEAT
34.33,94.32,964,WARNING,MULTIPLE_FAULTS
57.96,39.27,140,WARNING,OVERHEAT
23.65,48.58,314,OK,NONE
20.17,73.58,178,OK,NONE
33.25,79.79,136,OK,NONE
36.62,31.56,480,OK,NONE
20.89,94.26,322,WARNING,HIGH_HUMIDITY
58.71,65.74,791,WARNING,OVERHEAT
32.61,55.55,268,OK,NONE
26.78,33.31,849,OK,NONE
51.9,74.04,812,WARNING,OVERHEAT
39.0,89.96,494,WARNING,HIGH_HUMIDITY
37.48,70.8,438,OK,NONE
51.3,94.51,308,WARNING,MULTIPLE_FAULTS
47.49,92.51,556,WARNING,MULTIPLE_FAULTS
28.99,55.96,562,OK,NONE
49.59,69.8,439,WARNING,OVERHEAT
51.97,51.72,438,WARNING,OVERHEAT
30.91,77.55,288,OK,NONE
53.3,82.27,252,WARNING,MULTIPLE_FAULTS
27.25,92.22,610,WARNING,HIGH_HUMIDITY
25.6,57.03,591,OK,NONE
47.03,70.21,309,WARNING,OVERHEAT
22.37,71.13,418,OK,NONE
35.84,38.65,235,OK,NONE
49.21,67.17,793,WARNING,OVERHEAT
56.28,94.45,64,WARNING,MULTIPLE_FAULTS
34.18,49.68,342,OK,NONE
39.35,57.2,157,OK,NONE
57.55,52.74,462,WARNING,OVERHEAT
26.46,60.66,918,WARNING,POSITION_ERROR
32.6,44.6,87,WARNING,POSITION_ERROR
49.69,31.64,681,WARNING,OVERHEAT
38.92,32.82,346,OK,NONE
30.45,75.17,108,OK,NONE
36.5,42.72,295,OK,NONE
44.4,61.73,342,OK,NONE
32.69,89.28,603,WARNING,HIGH_HUMIDITY
43.97,63.39,536,OK,NONE
32.76,57.01,330,OK,NONE
31.43,77.75,940,WARNING,POSITION_ERROR
32.75,36.8,770,OK,NONE
26.98,60.66,663,OK,NONE
21.24,76.44,883,OK,NONE
36.29,63.89,701,OK,NONE
45.68,47.91,944,WARNING,MULTIPLE_FAULTS
54.47,67.51,344,WARNING,OVERHEAT
32.64,70.75,918,WARNING,POSITION_ERROR
37.19,78.74,498,OK,NONE
30.23,51.28,480,OK,NONE
30.75,42.91,438,OK,NONE
35.39,58.34,44,WARNING,POSITION_ERROR
43.52,57.72,863,OK,NONE
53.26,41.53,286,WARNING,OVERHEAT
26.87,63.68,755,OK,NONE
43.16,30.95,380,OK,NONE
52.47,30.9,190,WARNING,OVERHEAT
54.54,50.07,153,WARNING,OVERHEAT
57.31,31.31,610,WARNING,OVERHEAT
42.3,75.96,260,OK,NONE
42.58,73.1,769,OK,NONE
52.64,31.23,620,WARNING,OVERHEAT
48.81,48.67,7,WARNING,MULTIPLE_FAULTS
45.54,50.78,767,WARNING,OVERHEAT
55.9,46.65,610,WARNING,OVERHEAT
56.13,31.6,163,WARNING,OVERHEAT
40.0,73.87,73,WARNING,POSITION_ERROR
56.47,32.62,198,WARNING,OVERHEAT
32.5,56.69,790,OK,NONE
44.81,82.24,852,WARNING,HIGH_HUMIDITY
57.38,49.72,178,WARNING,OVERHEAT
55.45,39.84,798,WARNING,OVERHEAT
58.63,55.58,208,WARNING,OVERHEAT
27.3,92.74,633,WARNING,HIGH_HUMIDITY
43.0,43.44,581,OK,NONE
34.68,39.57,586,OK,NONE
45.81,78.44,978,WARNING,MULTIPLE_FAULTS
35.93,30.44,893,OK,NONE
27.95,80.92,215,WARNING,HIGH_HUMIDITY
53.01,81.68,491,WARNING,MULTIPLE_FAULTS
55.88,85.0,944,WARNING,MULTIPLE_FAULTS
46.31,71.7,541,WARNING,OVERHEAT
33.57,34.06,110,OK,NONE
30.7,82.81,721,WARNING,HIGH_HUMIDITY
32.68,82.57,553,WARNING,HIGH_HUMIDITY
41.84,90.2,6,WARNING,MULTIPLE_FAULTS
54.29,79.7,920,WARNING,MULTIPLE_FAULTS
56.47,36.34,133,WARNING,OVERHEAT
47.3,51.56,848,WARNING,OVERHEAT
46.77,45.03,382,WARNING,OVERHEAT
24.8,50.28,898,OK,NONE
27.09,30.33,946,WARNING,POSITION_ERROR
58.1,51.37,183,WARNING,OVERHEAT
29.42,91.33,178,WARNING,HIGH_HUMIDITY
57.83,50.34,58,WARNING,MULTIPLE_FAULTS
52.13,94.13,668,WARNING,MULTIPLE_FAULTS
49.68,74.05,707,WARNING,OVERHEAT
45.0,71.49,236,OK,NONE
22.15,76.64,730,OK,NONE
28.71,35.73,86,WARNING,POSITION_ERROR
26.73,84.37,884,WARNING,HIGH_HUMIDITY
45.44,56.12,164,WARNING,OVERHEAT
40.44,69.28,738,OK,NONE
51.72,93.78,2,WARNING,MULTIPLE_FAULTS
48.38,36.85,115,WARNING,OVERHEAT
38.75,75.87,316,OK,NONE
34.52,87.15,23,WARNING,MULTIPLE_FAULTS
25.57,69.78,501,OK,NONE
55.46,33.07,581,WARNING,OVERHEAT
33.99,86.06,246,WARNING,HIGH_HUMIDITY
30.82,46.17,558,OK,NONE
54.54,38.6,487,WARNING,OVERHEAT
35.72,39.05,221,OK,NONE
56.46,44.4,545,WARNING,OVERHEAT
34.77,53.22,888,OK,NONE
26.86,40.88,966,WARNING,POSITION_ERROR
55.2,62.86,764,WARNING,OVERHEAT
36.63,34.1,346,OK,NONE
30.0,34.77,973,WARNING,POSITION_ERROR
54.77,64.45,339,WARNING,OVERHEAT
36.89,81.03,290,WARNING,HIGH_HUMIDITY
55.8,85.46,127,WARNING,MULTIPLE_FAULTS
36.76,59.77,441,OK,NONE
21.84,90.5,934,WARNING,MULTIPLE_FAULTS
32.83,68.74,998,WARNING,POSITION_ERROR
53.83,46.87,447,WARNING,OVERHEAT
33.8,33.56,487,OK,NONE
39.15,86.03,833,WARNING,HIGH_HUMIDITY
20.01,89.48,831,WARNING,HIGH_HUMIDITY
31.26,83.44,156,WARNING,HIGH_HUMIDITY
24.81,34.39,529,OK,NONE
48.91,45.07,512,WARNING,OVERHEAT
24.77,63.31,81,WARNING,POSITION_ERROR
22.92,78.36,160,OK,NONE
48.75,37.19,227,WARNING,OVERHEAT
56.71,37.02,801,WARNING,OVERHEAT
22.15,42.34,55,WARNING,POSITION_ERROR
44.99,35.28,693,OK,NONE
33.65,58.87,294,OK,NONE
52.6,87.03,657,WARNING,MULTIPLE_FAULTS
54.64,30.64,761,WARNING,OVERHEAT
41.4,32.45,70,WARNING,POSITION_ERROR
39.33,94.15,295,WARNING,HIGH_HUMIDITY
31.18,80.86,67,WARNING,MULTIPLE_FAULTS
59.69,85.74,362,WARNING,MULTIPLE_FAULTS
30.68,64.75,520,OK,NONE
20.28,56.23,434,OK,NONE
24.88,31.19,531,OK,NONE
53.1,30.04,64,WARNING,MULTIPLE_FAULTS
58.06,38.91,383,WARNING,OVERHEAT
22.73,42.16,830,OK,NONE
22.46,44.56,573,OK,NONE
35.07,86.93,211,WARNING,HIGH_HUMIDITY
52.31,77.93,553,WARNING,OVERHEAT
24.27,91.97,111,WARNING,HIGH_HUMIDITY
48.36,94.6,293,WARNING,MULTIPLE_FAULTS
32.82,40.68,109,OK,NONE
56.63,76.67,886,WARNING,OVERHEAT
24.95,34.58,802,OK,NONE
50.44,32.78,852,WARNING,OVERHEAT
41.79,35.06,178,OK,NONE
39.06,77.96,527,OK,NONE
26.75,85.51,679,WARNING,HIGH_HUMIDITY
28.49,37.51,611,OK,NONE
57.39,89.1,888,WARNING,MULTIPLE_FAULTS
52.12,93.75,692,WARNING,MULTIPLE_FAULTS
31.37,48.78,813,OK,NONE
58.1,79.04,15,WARNING,MULTIPLE_FAULTS
26.4,74.93,9,WARNING,POSITION_ERROR
27.77,59.07,651,OK,NONE
51.86,78.07,339,WARNING,OVERHEAT
46.53,37.68,57,WARNING,MULTIPLE_FAULTS
23.5,54.53,44,WARNING,POSITION_ERROR
27.44,91.8,460,WARNING,HIGH_HUMIDITY
58.23,91.99,793,WARNING,MULTIPLE_FAULTS
49.39,75.47,566,WARNING,OVERHEAT
35.69,91.61,828,WARNING,HIGH_HUMIDITY
40.15,83.89,847,WARNING,HIGH_HUMIDITY
59.25,54.81,333,WARNING,OVERHEAT
39.13,79.92,578,OK,NONE
27.68,39.49,168,OK,NONE
41.24,78.47,313,OK,NONE
45.02,82.54,902,WARNING,MULTIPLE_FAULTS
52.81,66.52,179,WARNING,OVERHEAT
45.43,53.14,582,WARNING,OVERHEAT
52.99,74.77,916,WARNING,MULTIPLE_FAULTS
35.28,38.6,73,WARNING,POSITION_ERROR
58.71,72.75,818,WARNING,OVERHEAT
45.71,69.06,552,WARNING,OVERHEAT
41.04,79.36,283,OK,NONE
28.16,60.49,497,OK,NONE
38.9,54.58,113,OK,NONE
55.35,52.29,214,WARNING,OVERHEAT
36.49,34.7,985,WARNING,POSITION_ERROR
32.64,33.62,100,OK,NONE
34.42,35.66,40,WARNING,POSITION_ERROR
23.22,39.57,119,OK,NONE
41.76,45.05,824,OK,NONE
20.24,61.45,317,OK,NONE
52.49,52.28,272,WARNING,OVERHEAT
26.47,92.78,167,WARNING,HIGH_HUMIDITY
48.59,45.61,913,WARNING,MULTIPLE_FAULTS
55.38,66.01,876,WARNING,OVERHEAT
55.06,77.38,723,WARNING,OVERHEAT
56.66,51.31,72,WARNING,MULTIPLE_FAULTS
55.61,37.47,131,WARNING,OVERHEAT
58.08,77.97,887,WARNING,OVERHEAT
43.16,33.54,204,OK,NONE
30.28,60.23,996,WARNING,POSITION_ERROR
54.91,35.66,537,WARNING,OVERHEAT
36.95,52.24,91,WARNING,POSITION_ERROR
44.97,83.91,130,WARNING,HIGH_HUMIDITY
34.07,89.12,272,WARNING,HIGH_HUMIDITY
31.97,58.01,695,OK,NONE
33.67,58.19,566,OK,NONE
53.32,94.07,867,WARNING,MULTIPLE_FAULTS
57.64,70.51,301,WARNING,OVERHEAT
41.78,32.67,821,OK,NONE
35.8,33.33,265,OK,NONE
22.5,55.19,199,OK,NONE
49.96,53.2,911,WARNING,MULTIPLE_FAULTS
39.21,73.01,333,OK,NONE
41.83,43.26,198,OK,NONE
39.39,31.75,723,OK,NONE
28.64,92.87,764,WARNING,HIGH_HUMIDITY
35.83,69.85,619,OK,NONE
39.0,88.37,555,WARNING,HIGH_HUMIDITY
41.43,70.19,893,OK,NONE
37.87,38.02,923,WARNING,POSITION_ERROR
37.15,33.5,745,OK,NONE
59.09,45.75,790,WARNING,OVERHEAT
35.51,38.99,129,OK,NONE
26.13,77.33,898,OK,NONE
39.69,75.56,511,OK,NONE
59.02,67.28,673,WARNING,OVERHEAT
57.47,63.52,972,WARNING,MULTIPLE_FAULTS
55.9,37.76,523,WARNING,OVERHEAT
53.68,69.92,372,WARNING,OVERHEAT
35.75,60.77,559,OK,NONE
43.36,43.45,564,OK,NONE
23.53,80.49,442,WARNING,HIGH_HUMIDITY
47.22,47.82,386,WARNING,OVERHEAT
26.62,75.93,292,OK,NONE
24.76,39.14,965,WARNING,POSITION_ERROR
28.47,32.7,148,OK,NONE
53.46,75.78,617,WARNING,OVERHEAT
46.68,58.3,525,WARNING,OVERHEAT
30.6,75.25,805,OK,NONE
